ID subject;vignette;Verständnisfrage;Frage 1;Nachfrage 1;Nachfrage 2;Nachfrage 3;Nachfrage 4;Bemerkung
2388;1;einen gruseligen;ängstlich;;;;;
2388;2;kaputt;traurig;;;;;
2388;3;die Schokolade;glücklich;;;;;
2388;4;ist müde;niedergelassen;;;;;
2388;5;im Arm der Mutter;glücklich;;;;;
2388;6;Schimmel;eklig;;;;;
2388;7;damit er glücklich ist;glücklich;;;;;
2388;8;weil die Hose offen ist;peinlich;;;;;
2388;9;den Igel;wütend;;;;;
2388;10;das Legoset;traurig;;;;;
6426;1;Monsterfilm;ängstlich;;;;;
6426;2;wurde von LKW überfahren;traurig;;;;;
6426;3;Schokolade ;liebes Gesicht ;;;;;
6426;4;weiß ich nicht;traurig;;;;;
6426;5;im Schoß von Mutter;schön;;;;;
6426;6;Schimmel;traurig;;;;;
6426;7;Weihnachtsmann/Geburtstag;lächtelt;;;;;
6426;8;weil Hose offen war;komisch;;;;;
6426;9;Igel;traurig;;;;;
6426;10;LKW;böse;;;;;
6665;1;Monsterfilm;nicht gut;;;;;
6665;2;unterm LKW gefallen;schlecht;;;;;
6665;3;dass Mama Schokolade in Schrank macht;hat Angst;;;;;
6665;4;will nicht spielen;hat bisschen Angst;;;;;
6665;5;im Arm der Mutter;gut;;;;;
6665;6;dass da Schimmel ist;traurig;;;;;
6665;7;denkt das es ein tolles ist;gut;;;;;
6665;8;weil die Hose offen war;schlecht;;;;;
6665;9;den Igel;schlecht;;;;;
6665;10;ein Spielzeugauto;traurig;;;;;
3131;1;mit Monster;ängstlich, Angst;;;;;Kind wirkt insgesamt unkonzentriert
3131;2;Teddy ist auf Straße gefallen;traurig;;;;;
3131;3;Schokolade ;fröhlich;;;;;Verständnis unklar
3131;4;krank;traurig;;;;;
3131;5;im Arm der Mutter;fröhlich;;;;;
3131;6;Schimmel;eklig;;;;;
3131;7;zum Geburtstag;fröhlich;;;;;
3131;8;hat Angst, dass jeder die Unterhose sieht;Angst;;;;;
3131;9;Igel;sauer;;;;;
3131;10;Puzzle auf Schachtel;sauer;;;;;
8096;1;gruselig;traurig;;;;;
8096;2;Boden gefallen, überfahren;traurig;;;;;
8096;3;Mama kauft, was sie will;traurig;;;;;
8096;4;Schläft sie?;traurig;;;;;
8096;5;in die Mama;froh;;;;;
8096;6;Kaka, Schleim;sauer;;;;;
8096;7;Geburtstag;froh;;;;;
8096;8;Kerze an war;traurig;;;;;
8096;9;Igel;traurig;;;;;
8096;10;Auto;traurig;;;;;
2058;1;Monsterfilm;erschrocken;;;;;
2058;2;überfahren;traurig;;;;;
2058;3;? Weiß nicht;weiß nicht;;;;;
2058;4;weiß nicht;Angst;;;;;
2058;5;Schoß von Mutter;sicher;;;;;
2058;6;Kerze;weiß nicht;;;;;
2058;7;Geburtstag;fröhlich;;;;;
2058;8;weiß nicht;weiß nicht;;;;;
2058;9;Igel;traurig;;;;;
2058;10;Auto;traurig;;;;;
8034;1;von einem Monster;ängstlich;;;;;
8034;2;über die Straße gehen, runtergefallen + überfahren;traurig;;;;;
8034;3;Tafel Schokolade in Schrank ;hungrig nach Schokolade;;;sieht, Bauch leer;;
8034;4;spielt seit 2 Tagen nicht mehr;einsam;;;;;
8034;5;Arm Mutter + kuschelt;gut;;im Arm;nicht so einsam + gut + toll;;
8034;6;Schimmel ;nicht so gut;;doof gerochen;eklig;;
8034;7;für sich;gut + fröhlich;;;;;
8034;8;Hose offen;peinlich + bisschen fies;;;;peinlich;
8034;9;Igel;schlecht ;;weil Igel nicht fotografiert;doof;;
8034;10;Legomodell auf Kasten;doof;;fand blöd, dass er´s nicht konnte;;;
7281;1;Monster unter Bett;ängstlich;;;;;
7281;2;dreckig;traurig;;;;;
7281;3;Schokolade & Mama;eifersüchtig;;;;;
7281;4;weiß nicht;erschrocken;;;;;
7281;5;in Mamas Arm;glücklich;;;;;
7281;6;Schimmel;angeeckelt;;;;;
7281;7;weiß nicht;super glücklich;;;;;
7281;8;weil sie sich auf iwas draufgesetzt hat;erschrocken & ängstlich;;;;;
7281;9;Igel;wütend;;;;;
7281;10;Auto;wütend;;;;;
7118;1;Hochwassernachrichten, die finde ich gruselig;ängstlich;;;;;
7118;2;durchgefahren;traurig;;;;;
7118;3;Mama räumt Schokolade oben in den Schrank;traurig;;;;;
7118;4;macht ein schläfchen;besorgt;;;;;
7118;5;in Mutters Armen;sicher, geborgen;;;;;
7118;6;Schimmel;traurig;;;;;
7118;7;für seinen Geburtstag;freut sich;;;;;
7118;8;weil es ihm peinlich ist;peinlich;;;;;
7118;9;Igel;wütend;;;;;
7118;10;Auto;wütend;;;;;
1273;1;Monsterfilm;er hat Angst;;;;;
1273;2;er ist kaputt;er ist traurig;;;;;
1273;3;Schokolade;er fühlt sich fröhlich;;;;;
1273;4;sie spielt nicht mehr;hat Angst, dass sie krank ist;;;;;
1273;5;auf den Armen seiner Mutter;er ist fröhlich;;;;;
1273;6;er ist verschimmelt;nicht schön;;er wollte es essen;;;
1273;7;zum Geburtstag;schön;;fröhlich;;;
1273;8;weil seine Hose offen ist;die anderen lachen über ihn;;bisschen traurig;;;
1273;9;den Igel;sauer;;;;;
1273;10;Lego;nicht schön;;nicht schön;;;
7674;1;Monsterfilm;er hat Angst;;;;;
7674;2;auf der Straße verloren + Auto ist drüber gefahren;traurig;;;;;
7674;3;Schokolade;traurig;;;;;
7674;4;will nicht mehr spielen;traurig;;;;;
7674;5;im Arm seiner Mama;glücklich;;;;;
7674;6;Fleck Schimmel ;traurig;;;;;
7674;7;weil sein Geburtstag ist;glücklich;;;;;
7674;8;weil seine Hose offen ist;ich weiß es nicht;;;;;
7674;9;ein Igel;traurig;;;;;
7674;10;Legomodell auf dem Kasten;traurig;;;;;
3240;1;Monsterfilm;ängstlich;;;;;
3240;2;kaputt;traurig;;;;;
3240;3;Mama Schokolade ins Regal räumen;-;;;;;
3240;4;will nicht mehr spielen;traurig;;;;;
3240;5;im Arm der Mutter;fröhlich;;;;;
3240;6;Schimmel;ekelt sich;;;;;
3240;7;Geburtstag;fröhlich;;;;;
3240;8;Hose offen;-;;;;;
3240;9;Igel;sauer;;;;;
3240;10;Legoauto;sauer;;;;;
984;1;Gruselfilm;Angst;;;;;Kind unmotiviert
984;2;kaputtgegangen;traurig;;;;;
984;3;Schokoladentafel;schlau;;nein;gut;;
984;4;will nicht spielen;traurig;;;;;
984;5;im Arm seiner Mutter;geschätzt;;;;;
984;6;Schimmel ;nicht so gut;;nein;;;
984;7;Geburtstag;gut, weil findet es schön fröhlich;;;;;
984;8;denkt, andere habens gesehen;peinlich;;;;;
984;9;Igel;nicht so gut;;nicht so richtig;;;
984;10;ein Legoauto auf dem Karton ;nicht so gut, weil er immer wieder scheitert, das nervt;;;;;
5679;1;Monsterfilm;Angst;;;;;
5679;2;LKW hat ihn überfahren;traurig;;;;;
5679;3;Schokolade;Freude;;;;;
5679;4;?;traurig;;;;;
5679;5;auf Schoß;entspannend;;;;;
5679;6;Schimmel;traurig;;;;;
5679;7;?;sie freut sich;;;;;
5679;8;weil ihre Hose offen ist;traurig;;;;;
5679;9;Igel;traurig;;;;;
5679;10;Spielzeug;traurig;;;;;
473;1;Monsterfilm;gruselig;;;;;
473;2;überfahren;traurig;;;;;
473;3;Schokolade ;glücklich;;;;;
473;4;bekommt bestimmt Junge;traurig oder besorgt;;;;besorgt;
473;5;im Mamas Arm;glücklich;;;;;
473;6;Schimmel;traurig;;;;;
473;7;Geburtstag;glücklich;;;;;
473;8;Hose auf;unglücklich;;;;;
473;9;Igel;böse;;;;;
473;10;Modell;traurig;;;;;
7549;1;gruseligen Film;zittert vor Angst;;;hat Angst;;
7549;2;sie holt ihn oder wirft es weg;traurig;;;;;
7549;3;weil ihre Mama die Schokolade ins obere Fach legt;sie möchte es auch haben;;;;;
7549;4;sie ist alt;traurig;;;;;
7549;5;auf den Arm von ihrer Mama;fröhlich;;;;;
7549;6;Schimmel;mag es nicht mehr;;;weiß ich nicht;;
7549;7;zum Geburtstag;fröhlich;;;;;
7549;8;weil andere Kinder sehen, dass ihre Hose offen steht;hoffentlich sieht es kein anderer;;;schnell hochziehen;;
7549;9;den Igel;traurig;;;;;
7549;10;ein Spielzeugauto;findet das Spielzeug doof;;;weiß nicht;;
6081;1;mit ein Monster;Angst;;;;;
6081;2;hat ihn runterfallen lassen  -> Laster drüber -> ganz kaputt;traurig ;;;;;
6081;3;die Tafel Schokolade;fröhlich;;;;;
6081;4;will nicht mehr spielen, [da? den?];traurig;;;;;
6081;5;kuschelt mit + weiß, dass nix passieren kann;fröhlich;;;;;
6081;6;gebrennt;igitt, verekelt;;;;;
6081;7;weil sie Geburtstag hat;fröhlich;;;;;
6081;8;weil seine Hose auf ist;traurig;;;;;
6081;9;Igel;wütend;;;;;
6081;10;gleiche Sache wie auf dem Modell;wütend;;;;;
3584;1;mit Monster;Angst;;;;;
3584;2;überfahren;traurig;;;;;
3584;3;Schokolade;hypnotisiert von der Schokolade;;;muss wach machen;;
3584;4;schläft nur;erschrocken;;;;;
3584;5;auf seiner Mama;gut;;weil bei Mama;;;
3584;6;Schimmel;traurig;;;;;
3584;7;Geburtstag;fröhlich;;;;;
3584;8;alle würden ihn auslachen;peinlich;;;;;
3584;9;Igel;wütend;;;;;
3584;10;Legospielzeug gelingt nicht;enttäuscht;;;;;
6227;1;Monsterfilm;bisschen Angst;;;;;
6227;2;wurde überfahren + kaputt;traurig;;;;;
6227;3;Tafel Schokolade;gierig;;;;;
6227;4;will nicht mehr spielen;traurig;;;;;
6227;5;bei ihrer Mutter;schön;;freut sich;;;
6227;6;Schimmel;"""bäh, ich will das nicht haben""";;;voll eklig;;
6227;7;hat Geburtstag;schön, freut sich;;;;;
6227;8;weil Hofe offen;ist unangenehm;;;"""hoffentlich habens die anderen nicht gesehen""";;
6227;9;Igel;"""oh Mist, ich wollte doch..""";;;Freundin sagen, mach mal leise;;
6227;10;das Auto auf der Schachtel ;ärgerlich;;;;;
9762;1;Monster;ängstlich;;;;;
9762;2;überfahren;traurig;;;;;
9762;3;wo Mama es hinräumt;glücklich;;;;;
9762;4;vielleicht krank;traurig;;;;;
9762;5;auf ihrem Bauch von der Mutter;glücklich;;;;;
9762;6;Schimmel;traurig;;;;;
9762;7;Geburtstag;freut sich;;;;;
9762;8;Hose offen;traurig;;;;;
9762;9;Igel;Angst;;;;;
9762;10;ein Auto;traurig;;;;;
2656;1;weiß nicht;glücklich;;;;;
2656;2;kaputt;traurig;;;;;
2656;3;weiß nicht;weiß nicht;;;;;
2656;4;abgehauen;traurig;;;;;
2656;5;im Bett;lachen;;;;;
2656;6;Erdbeeren;glücklich;;;;;
2656;7;zum Geburtstag;glücklich;;;;;
2656;8;weil ihr Freund da ist;glücklich;;;;;
2656;9;Pferd;glücklich;;;;;
2656;10;Haus;traurig;;;;;
3167;1;Monsterfilm;allein;;;traurig, ängstlich;ängstlich;
3167;2;kaputtgegangen;erschrocken;;;;;
3167;3;Schokolade;hungrig;;;will man was zu essen;;
3167;4;spielt nicht mehr;traurig;;;;;
3167;5;im Arm von ihrer Mama;glücklich;;;;;
3167;6;Schimmel;traurig;;;;;
3167;7;Geburtstag hat;glücklich;;;;;
3167;8;Hose offen;peinlich;;;;;
3167;9;Igel;sauer;;;;;
3167;10;ihr Legomodell;sauer;;;;;
9932;1;Gruselfilm;Angst;;;;;
9932;2;Auto darübergefahren;traurig;;;;;
9932;3;ob sie Schokolade holen kann;weiß nicht;;;;;
9932;4;Katze einfach müde;macht sich Sorgen;;;;;
9932;5;im Mamas Arm;freudig;;;;;
9932;6;ein verschimmeltes Stück;traurig, wütend;;;;wütend;
9932;7;Geburtstag;freudig, aufgeregt;;;;freudig;
9932;8;Hose offen;nicht so besonders;;/;;;
9932;9;Igel;wütend;;;;;
9932;10;Auto;wütend;;;;;
2617;1;Monsterfilm;bisschen ängstlich;;;;;
2617;2;überfahren;traurig;;;;;
2617;3;wie ihre Mama Schokolade in den Schrank legt;weiß ich nicht;;;;;
2617;4;will nicht mehr spielen;traurig;;;;;
2617;5;Schoß von ihrer Mama;gut;;möchte nicht genauer beschreiben;;;
2617;6;großen Fleck Schimmel;bisschen traurig;;;;;
2617;7;zum Geburtstag;gut;;;;;
2617;8;weil Hose offen ist;bisschen erschrocken;;;;;
2617;9;Igel;bisschen sauer;;;;;
2617;10;was auf der Packung drauf ist;traurig;;;;;
1067;1;Monsterfilm;hat Angst;;;;;
1067;2;überfahren worden;sauer auf den Lastwagen ;;;;;
1067;3;sie räumt Schokolade aus Einkaufswagen ganz oben in den Schrank;fröhlich;;;;;
1067;4;Katze spielt nicht mehr;traurig;;;;;
1067;5;im Arm von seiner Mama;schön;;;;;
1067;6;Fleck Schimmel ;sauer;;;;;
1067;7;sein Geburtstag;froh;;;;;
1067;8;er schämt sich;nicht gut, er wollte nicht, dass Hose offen ist;;;;;
1067;9;Igel;sauer auf den Freund;;;;;
1067;10;Fahrzeug, da fehlen Teile (z.B. Räder);sauer;;;;;
2939;1;gruseliger Film;ängstlich;;;;;
2939;2;er hat Abdrücke von einem Reifen, aber sie könnte ihn in die Waschmaschine stecken;traurig;;;;;
2939;3;Mama macht die Schokolade ins Regal;glücklich, weil sie denkt die ist für sie allein;;;;;
2939;4;liegt ganz platt im Körbchen, man soll zum Tierarzt gehen;komisch;;;;;
2939;5;in Mamas Armen;glücklich;;;;;
2939;6;Schimmel, darf man nicht essen;eklig;;;;;
2939;7;weil sie Geburtstag hatte;gut, sehr glücklich;;;;;
2939;8;ihre Hose war offen, vielleicht hat sie vergessen eine Unterhose anzuziehen;unglücklich;;;;;
2939;9;Tierfoto, Igel;doof;;;;;
2939;10;das Auto, weil sie die Anleitung nicht hat;nicht toll;;traurig, ärgerlich, wütend;;ärgerlich;
9567;1;Monsterfilm;ängstlich;;;;;
9567;2;kaputt gegangen;traurig;;;;;
9567;3;wie Mama Schokolade in Schrank tut;fröhlich;;;;;
9567;4;Müde;schade;;;;;
9567;5;Arm von Mama;wohl;;;;;
9567;6;Schimmel ;eckelhaft;;;;;
9567;7;zum Geburtstag;fröhlich;;;;;
9567;8;weil Hose offen war;peinlich;;;;;
9567;9;Igel;gemein;;;;;
9567;10;Legoauto;Schade, gemein;;;;;
7372;1;dass ein Monster unter ihrem Bett ist;Angst;;;;;
7372;2;der wurde angefahren;traurig;;;;;
7372;3;dass sie eine Schokolade oben reinlegt;schön;;toll;;;
7372;4;sie denkt, dass sie krank wird;traurig;;;;;
7372;5;in den Armen von ihrer Mama;schön;;gut;;;
7372;6;was verschimmeltes;schlecht;;traurig;;;
7372;7;weil sie Geburtstag hat;toll;;schön;;;
7372;8;weil ihre Hose offen ist;komisch;;schlecht;;;
7372;9;den Igel;wütend;;;;;
7372;10;Lego-Auto;doof;;schlecht;;;
1820;1;Monster;ängstlich;;;;;
1820;2;kaputt;traurig;;;;;
1820;3;dass die Schokolade da drin ist;freut sich;;;;;
1820;4;will seit 2 Tagen nicht mehr spielen;traurig;;;;;
1820;5;ist in den Armen seiner Mutter;glücklich;;;;;
1820;6;Kuchen weggeschmissen;traurig, weil er keinen Kuchen hat;;;;;
1820;7;weil er krank ist/Geburtstag hat;freut sich;;;;;
1820;8;weil seine Hose offen steht;Angst;;;;;
1820;9;Igel;wütend, weil der Igel weg ist und der Freund doof ist;;;;;
1820;10;Legomodell;traurig;;;;;
5998;1;Monster;Angst;;;;;
5998;2;wieder ganz;wieder gut;;;;;
5998;3;Schokolade;Schokolade;;;;;
5998;4;ist tot;langweilig;;;;;
5998;5;auf Mamas Schoß;warm;;;;;
5998;6;Kerze;traurig;;;;;
5998;7;dass er damit spielen;er fühlt sich wohl;;;;;
5998;8;weil Hose runtergerutscht ist;traurig;;;;;
5998;9;Igel;traurig;;;;;
5998;10;Modelleisenbahn;traurig;;;;;
3285;1;Monster-Film;ängstlich;;;;;
3285;2;kaputt gegangen;traurig;;;;;
3285;3;dass die Schokolade in den Schrank gelegt wurde;weiß nicht;weiß nicht;;;;
3285;4;will nicht mehr spielen;ängstlich;;;;;
3285;5;im Arm der Mama;glücklich;;;;;
3285;6;Schimmel;geekelt;;;;;
3285;7;Geburtstag;fröhlich;;;;;
3285;8;weil es ihm peinlich ist, dass die Hose offen ist;schämt sich;;;;;
3285;9;Igel;wütend;;;;;
3285;10;Auto auf der Schachtel;wütend ;;;;;
8222;1;ein Gespensterfilm;ängstlich;;;;;
8222;2;er ist kaputt gegangen;traurig;;;;;
8222;3;wie Mama die Schokolade wegräumt;sauer;;;;;
8222;4;sie ist müde;sorgen;;;;;
8222;5;in dem Schoß;kuschelig;;;;;
8222;6;Schimmel;traurig;;;;;
8222;7;weil er Geburtstag hat;fröhlich;;;;;
8222;8;weil seine Hosse offen ist;er macht sich sorgen, dass jemand das gesehen hat;;;;;
8222;9;den Igel;sauer;;;;;
8222;10;das Auto;sauer;;;;;
2586;1;Monsterfilm;Angst;;;;;
2586;2;Laster drübergefahren;traurig;;;;;
2586;3;Mutter räumt Schoko in Schrank;kann man nicht sagen;;;;;
2586;4;will nicht mehr spielen;traurig;;;;;
2586;5;bei Mutter;gut;;;;;
2586;6;Schimmel ;traurig, weil sie Kuchen nicht essen kann;;;;;
2586;7;Geburtstag;freut sich;;;;;
2586;8;weil ihre Hose offen ist;fühlt sich nicht schön & peinlich;;;;;
2586;9;Igel;ich weiß nicht;;;;;
2586;10;Spielzeugauto;blöd;;;;;
2613;1;Mit Monstern;ängstlich;;;;;
2613;2;kaputt;sehr traurig;;;;;
2613;3;Mutter hat Schokolade in den Schrank getan;hungrig;;;;;
2613;4;Katze will nicht immer spielen. Katzen schlafen lieber und spielen nicht immer;sehr traurig;;;;;
2613;5;Schoß von ihrer Mama;glücklich;;;;;
2613;6;Schimmel;traurig, ekelig;;;;;
2613;7;sie hat Geburtstag ;glücklich, sie freut sich;;;;;
2613;8;es ist peinlich;peinlich, erschrocken;;;;;
2613;9;Igel;wütend;;;;;
2613;10;das eine Auto;sehr wütend;;;;;
5332;1;einen gruseligen Film;er hat Angst;;;;;
5332;2;er lag dann auf der Straße und wurde vom Laster überfahren;er ist traurig;;;;;
5332;3;die Tafel Schokolade;er möchte unbedingt diese Tafel Schokolade haben;;;gierig;;
5332;4;sie schläft nur;er hat Angst, dass seine Katze krank ist;;;;;
5332;5;in den Armen seiner Mutter;sicher;;;dass einem nichts passieren kann;;
5332;6;einen großen Fleck Schimmel;traurig;;;;;
5332;7;zum Geburtstag;er freut sich über dieses tolle Geschenk;;;;;
5332;8;weil er Angst hat, dass jemand ihn sieht;weiß ich nicht so genau;;;;;
5332;9;den Igel;er ist traurig, dass er ihn nicht fotografieren konnte;;;;;
5332;10;das Bild dass auf der Packung ist;er ärgert sich;;;;;
5876;1;Monsterfilm;traurig oder sie hat Angst;;;;;
5876;2;kaputt;traurig;;;;;
5876;3;Lecker;fröhlich;;;;;
5876;4;krank;weiß nicht;;;;;
5876;5;Mamas Arm;weiß ich nicht;;;;;
5876;6;Kerze;schlecht;;sauer;;;
5876;7;weil Weihnachten ist der Geburtstag;weiß nicht;;;;;
5876;8;weil Hose auf ist;weiß ich nicht;;;;;
5876;9;den Igel;sauer;;;;;
5876;10;den LKW;traurig;;;;;
3435;1;Monsterfilm;ängstlich, Angst;;;;;
3435;2;Auto darüber + kaputt;traurig;;;;;
3435;3;Schokolade;weiß nicht;;;;;
3435;4;wn., krank;traurig;;;;;2x Frage gestellt
3435;5;im Arm;toll;;weil in Mamas Arm;;;
3435;6;Schimmel;traurig;;;;;2x Frage gestellt
3435;7;Geburtstag;toll;;fröhlich;;;
3435;8;Hose offen;weiß nicht;;;;;
3435;9;Igel;traurig;;;;;
3435;10;Spielzeug;nicht gut;;?;;;
1625;1;Gruselfilm;ängstlich;;;;;
1625;2;nicht kaputt gegangen;traurig;;;;;
1625;3;wie die Schokolade reingemacht wird;fröhlich;;;;;
1625;4;einfach nur müde;ängstlich;;;;;
1625;5;im Arm;fröhlich;;;;;
1625;6;Fleck Schimmel ;weiß nicht;;;;;
1625;7;was von Lidl?;fröhlich;;;;;
1625;8;Hose offen;ängstlich;;;;;
1625;9;Igel;wütend;;;;;
1625;10;Legoauto;traurig;;;;;
8816;1;Gruseligen;ängstlich;;;;;
8816;2;kaputt;traurig;;;;;
8816;3;wie Mama Schoko in Schrank legt;froh;;;;;
8816;4;hat keine Lust zum Spielen;traurig;;;;;
8816;5;im Schoß seiner Mutter;froh;;;;;
8816;6;Eine Kerze;? weiß nicht;;;;;
8816;7;zum Geburtstag;froh;;;;;
8816;8;weil er de Kerze anzünden darf;traurig;;;;;
8816;9;Igel;wütend;;;;;
8816;10;sein Legomodell;wütend;;;;;
9444;1;einen gruseligen;ängstlich;;;;;
9444;2;ist kaputt;nicht gut;;traurig;;;
9444;3;wie Mama Schokolade in den Kühlschrank räumt;traurig;;;;;
9444;4;krank;nicht gut;;weiß nicht;;;
9444;5;bei der Mama;wuselig;;sicher;;;
9444;6;Schimmel;traurig;;;;;
9444;7;weil sie Geburtstag hat;fröhlich;;;;;
9444;8;weil sie sich ängstlich fühlt;ängstlich;;;;;
9444;9;Igel;wütend;;;;;
9444;10;das, was auf der Schachtel war;nicht gut;;weiß nicht;;;
5481;1;Gruselfilm;nicht glücklich;;;;;
5481;2;kaputt;schlecht;;;;;
5481;3;weiß nicht;?;;;;;
5481;4;weiß nicht;weiß nicht;;;;;
5481;5;auf der Mama;weiß nicht;;;;;
5481;6;Kerze;Bäh;;;;;
5481;7;Geburtstag;nicht gut;;;;;
5481;8;weiß nicht;weiß nicht;;;;;
5481;9;Igel;weiß nicht;;;;;
5481;10;Legoauto;weiß nicht;;;;;
1031;1;Monsterfilm;ängstlich;;;;;
1031;2;kaputtgegangen;traurig;;;;;
1031;3;Schokolade;froh;;;;;
1031;4;mag nicht mehr spielen;traurig;;;;;
1031;5;in Mamas Arm;froh;;;;;
1031;6;Schimmel;weiß nicht;;;;;
1031;7;hat Geburtstag;froh;;;;;
1031;8;Hose kaputt gegangen;traurig;;;;;
1031;9;Igel;traurig;;;;;
1031;10;ein Auto;genervt;;;;;
4500;1;über Monster;ängstlich;;;;;
4500;2;kaputtgegangen;traurig;;;;;
4500;3;Wie Mama ein Tafel Schoko... ganz oben in den Schrank tut;fröhlich;;;;;
4500;4;will nicht mehr spielen;traurig;;;;;
4500;5;im Arm von ihrer Mutter;fröhlich;;;;;
4500;6;einen Schimmelfleck;sauer;;;;;
4500;7;zu ihrem Geburtstag;fröhlich;;;;;
4500;8;weil ihre Hose offen ist;ängstlich;;;;;
4500;9;einen Igel;sauer;;;;;
4500;10;ein Spielzeugmodell, was auf der Schachtel war;wütend ;;;;;
3103;1;ein Monsterfilm;ängstlich;;;;;
3103;2;der wurde plattgefahren + jetzt ist er kaputt;traurig;;;;;
3103;3;dass seine Mama Schokol. in den Schrank packt;glücklich;;;;;
3103;4;sie will seit 2 Tagen nicht mehr spielen;traurig;;;;;
3103;5;im Arm seiner Mutter;gut;;gut;;;
3103;6;ein großes Stück Schimmel;dass man es nicht mag;;;;;
3103;7;weil er Geburtstag hat;glücklich;;;;;
3103;8;weil seine Hose offen steht;gar nicht gut;;;;;
3103;9;ein Stacheltier;gar nicht gut;;;;;
3103;10;das Modell auf der Schachtel;wütend;;;;;
6168;1;weiß nicht -> weiß nicht --> Monster;Angst;;;;;"2x; Kind hört keinen Ton --> nochmal abgespielt"
6168;2;Auto überfahren;traurig;;;;;
6168;3;Schokolade;hungrig;;;weiß nicht;;
6168;4;will nicht mehr spielen;weiß nicht;;;;;ab da funktioniert alles
6168;5;bei seiner Mutter;weiß nicht;;;;;
6168;6;Schimmel ;schimmelig;;;eklig;;
6168;7;Geburtstag;gut;;geschenkreich;;;
6168;8;Hose steht offen;Angst, traurig, wütend;;;;Angst;
6168;9;Igel;weiß nicht;;;;;
6168;10;Sein Spielzeug;Spielzeugmäßig, Spielzeugfußend;;;;;
4542;1;Gruselfilm;gruselig;;;;;
4542;2;ist auf die Straße gefallen + überfahren von LKW;traurig;;;;;
4542;3;die Tafel Schokolade;hungrig;;/;;;
4542;4;will nicht mehr spielen + sich ausruhen;schlecht;;/;;;
4542;5;bei seiner Mutter;gut;;/;;;
4542;6;Schimmel;schlecht;;/;;;
4542;7;zu seinem Geburtstag;gut;;/;;;
4542;8;weil seine Hose aufgeplatzt ist;schlecht;;/;;;
4542;9;Igel;sauer;;;;;
4542;10;ein Spielzeugauto;betrogen;;/;;;
8405;1;Monster;ängstlich;;;;;
8405;2;ist kaputt;traurig;;;;;
8405;3;die Schokolade;möchte Schoko unbedingt haben;;;aufgeregt;;
8405;4;möchte nicht mehr spielen;traurig;;;;;
8405;5;auf Mamas Schoß;fröhlich;;;;;
8405;6;Schimmel ;traurig;;;;;
8405;7;Geburtstag;fröhlich;;;;;
8405;8;ihre Hose offen;Schämlich;;;;;
8405;9;Igel;wütend + traurig;;;;wütend;
8405;10;das, was auf der Schachtel war;wütend + traurig;;;;wütend;
6737;1;Monster-Film;schlecht;;er hat Angst;;;
6737;2;er ist auf die Straße gefallen;traurig;;;;;
6737;3;die Schokolade;gut;;er will die Schokolade heben;weiß ich nicht ;;
6737;4;sie schläft nur;er hat Angst;;;;;
6737;5;auf Mamas Schoß;gut;;es kann ihm keiner weh tun;weiß nicht;;
6737;6;riesen Fleck Schimmel;schlecht;;weiß nicht;;;
6737;7;weiß nicht;weiß nicht;weiß nicht;;;;2x
6737;8;-;-;;;;;"Pause; Abbruch, Kind hat keine Lust mehr"
6737;9;-;-;;;;;
6737;10;-;-;;;;;
6444;1;gruseliger Film;ängstlich;;;;;
6444;2;Laster hat ihn überfahren;traurig;;;;;
6444;3;Mutter räumt Schokolade in den Schrank ;glücklich;;;;;
6444;4;will schlafen;nachdenklich;;schlecht;nicht sehr wohl;;
6444;5;bei ihrer Mama;gut;;toll;glücklich;;
6444;6;Schimmel;schlecht;;nicht gut;;;
6444;7;zum Geburtstag;glücklich;;;;;
6444;8;weil ihre Hose offen ist;nicht so gut;;schlecht;;;
6444;9;einen Igel;wütend;;;;;
6444;10;bekommt ein Modell nicht hin;schlecht;;gut;;;
644;1;Gruselfilm;ängstlich;;;;;
644;2;überfahren;traurig;;;;;
644;3;Schokolade;aufgeregt;;;;;
644;4;schläft einfach nur;nicht sicher;;als würde ich an etwas denken, das nicht zu denken ist;als würde man verrückt;;
644;5;im Schoss ihrer Mama;schön;;freut sich;;;
644;6;Schimmel;eklig;;;;;
644;7;weiß nicht -> Geburtstag;fröhlich;;;;;2x
644;8;Hose offen;peinlich;;;;;
644;9;Igel;wütend;;;;;
644;10;Legoauto;nicht gut;;wütend;;;
3519;1;Gruselfilm;hat Angst;;;;;
3519;2;er ist kaputt;traurig;;;;;
3519;3;die Schokolade;fröhlich, aufgeregt;;;;;
3519;4;hat eine Maus gefressen;nicht so gut, ich weiß nicht genau wie ich das sagen soll;;;;;
3519;5;auf dem Schoß seiner Mutter;wohl, sicher;;;;;
3519;6;Schimmel;nicht so;;;;;
3519;7;weil er Geburtstag hat;froh;;;;;
3519;8;weil seine Hose offen ist;peinlich;;;;;
3519;9;den Igel;gemein, wütend;;;;;
3519;10;ein Spielzeugauto;doof;;;;;
8996;1;mit einem Monster;Angst haben;;;;;
8996;2;kaputt, Laster hat platt gefahren;traurig;;;;;
8996;3;Schokoladentafel;glücklich;;;;;
8996;4;will seit 2 Tagen nicht spielen;angst, traurig;;;;;
8996;5;im Arm ihrer Mutter;beschützt, glücklich;;;;;
8996;6;Schimmel;Ekel;;;;;
8996;7;Geburtstag;glücklich;;;;;
8996;8;wenn es jemand gesehen hat;sie schämt sich;;;;;
8996;9;Igel;wütend;;;;;
8996;10;was auf der Packung drauf ist;sauer, traurig;;;;;
1551;1;Monster-Film;Angst;;;;;Mutter mit im Raum
1551;2;ist ihr runtergefallen;Angst;;;;;
1551;3;hat eine Tafel Schokolade gesehen;freut sich;;;;;
1551;4;will nicht mehr spielen;macht sich Sorgen;;;;;
1551;5;in Mamas Arm;mag die Mama;fühlt sich gut;nein;;;
1551;6;Schimmel;nicht gut;;kann nicht genauer beschreiben;;;
1551;7;hat Geburtstag;fröhlich;;;;;
1551;8;weil ihre Hose offen war;Angst;;;;;
1551;9;den Igel;böse;;;;;
1551;10;was auf der Schachtel ist;böse;;;;;
7470;1;Monster;ängstlich;;;;;
7470;2;überfahren;traurig;;;;;
7470;3;Mama Schokolade auspackt;gut;;;;;
7470;4;nicht mit ihr spielen;nicht so gut;;;;;
7470;5;im Arm;gut;;;;;
7470;6;Schimmel;ekelig;;;;;
7470;7;Geburtstag;sehr gut;;;;;
7470;8;Hose offen;nicht so;;;;;
7470;9;Igel;sauer;;;;;
7470;10;Fahrzeug;nicht gut;;;;;
997;1;Monsterflm;hat Angst;;;;;
997;2;der Laster ist drüber gefahren;traurig;;;;;
997;3;die Schokolade;ich mag die haben, geb mir die sofort runter;;;;;
997;4;die ist müde;traurig;;;;;
997;5;bei Mama auf dem Schoß;Freude;;;;;
997;6;der ist schimmelig;bäh;;;;;2 geschaut
997;7;Zum Geburtstag ;Freude;;;;;
997;8;ich habs nicht gehört;weiß nicht;;;;;2x gesehen
997;9;Igel;wütend;;;;;2x
997;10;das Auto;traurig;;;;;2x
2474;1;Gruselfim;das Kind hat Angst;;;;;
2474;2;da kam ein Laster und hat ihren Teddy überfahren;traurig;;;;;
2474;3;dass ihre Mama Schokolade eingekauft hat;er möchte die Schokolade unbedingt haben, fröhlich und will die Schokolade essen;;;;;
2474;4;die Katze spielt nicht;besorgt;;;;;
2474;5;bei ihrer Mama;fröhlich;;;;;
2474;6;was stinkendes;ob sie es essen soll oder nicht;;;nicht essen;;
2474;7;zu ihrem Geburtstag;schön, fröhlich;;;;;
2474;8;weil es (die Kerze anzünden) nicht so geklappt hat ;ein bisschen sauer;;;;;
2474;9;die wollt von dem Igel ein Foto machen;traurig, dass sie den Igel nicht fotografieren kann;;;;;
2474;10;das (Spielzeug)auto;sauer, dass sie es nicht geschafft hat;;;;;
6963;1;Monsterfilm;hat große Angst;;;;;
6963;2;kaputt gegangen;ganz traurig;;;;;
6963;3;Schokolade;freut sich;;;;;
6963;4;vielleicht krank;verzweifelt;;;;;
6963;5;In Armen von Mutter;ist ganz froh;;;;;
6963;6;Schimmel;ekelt sich;;;;;
6963;7;Geburtstag;ganz fröhlich;;;;;
6963;8;Offene Hose;Angst;;;;;
6963;9;Igel;wütend auf Freund;;;;;
6963;10;Das aus Schachtel, Auto;wütend, weil ers nicht bauen kann;;;;;
2361;1;Monsterfilm;ängstlich;;;;;
2361;2;wurde von LKW überfahren;traurig;;;;;
2361;3;Schokolade;fröhlich;;;;;
2361;4;möchte Mäuse fangen, Ruhe haben;traurig;;;;;
2361;5;Arm von Mama;fröhlich;;;;;
2361;6;Schimmel;beleidigt;;;;;
2361;7;Geburtstag;fröhlich;;;;;
2361;8;weil er Angst hat, dass jemand seine Hose sieht;ängstlich;;;;;
2361;9;Igel;wütend;;;;;
2361;10;Legomodell;sauer;;;;;
6848;1;Monsterfilm;ängstlich;;;;;
6848;2;wurde überfahren;traurig;;;;;
6848;3;Tafel Schokolade;-;;;;;
6848;4;will nicht mehr spielen;traurig;;;;;
6848;5;Arm der Mutter;fröhlich;;;;;
6848;6;Schimmel;Ekel;;;;;
6848;7;zum Geburtstag;fröhlich, Freude;;;;;
6848;8;Hose offen;-;;;;;
6848;9;Igel;ärgert sich, böse;;;;;
6848;10;Spielzeug;wütend;;;;;
7242;1;mit Monster;ängstlich;;;;;
7242;2;runtergefallen->LWK->platt;traurig;;;;;
7242;3;Schokolade;gut;;weil er Schokolade will;aufregend;;
7242;4;spielt lange nicht;ängstlich;;;;;
7242;5;auf Schoß von Mama;fühl sich sicher;;;;;
7242;6;Schimmel;eklig;;;;;
7242;7;Geburtstag;überraschend;;;;;
7242;8;Hose offen;keine Ahnung;;;;;
7242;9;Igel;unfair;;;;;
7242;10;Ein Spielzeug;schlecht ;;wolle unbedingt, macht, klappt nicht;wütend;;
7215;1;den mit dem Monster;ängstlich;;;;;
7215;2;ist unterm Auto + kaputt;traurig;;;;;
7215;3;dass ihre Mutter eine Tafel Schokolade in Schrank nimmt;/;;;;;
7215;4;will nicht mehr mit ihr spielen;nicht gut;;/;;;
7215;5;im Arm;toll;;/;;;
7215;6;Schimmel;nicht gut;;/;;;
7215;7;von ihrer Freundin;gut;;toll;;;kurze Unterbrechung, weil Tablet umgekippt
7215;8;weil ihre Hose offen ist;nicht gut;;/;;;
7215;9;den Igel;nicht gut;;/;;;Unterbrechung: Kind geht auf's Klo 4 Min
7215;10;das Auto auf dem Karton;nicht gut;;/;;;
1676;1;Film von Monster;hat Angst;;;;;
1676;2;auf Straße gefallen und Laster drüber gefahren;er ist traurig;;;;;
1676;3;wie die Mama die Schokolade hat; traurig;;;;;
1676;4;vielleicht krank oder hat etwas ;traurig um ihre Katze;;;;;
1676;5;Schoß von ihrer Mama;glücklich;;;;;
1676;6;Schimmel;Uäh, sie will ihn nicht;;;;;
1676;7;hat vielleicht Geburtstag/ besonderer Tag;glücklich;;;;;
1676;8;es ist ihr ein bisschen peinlich;peinlich, hat Angst, dass andere sie sehen;;;;peinlich;
1676;9;den Igel;böse, weil die Freundin ihn einfach weggejagt hat;;;;;
1676;10;das Spielzeugmodell;ärgerlich, dass sie das nicht konnte;;;;;
5916;1;Monster-Film;ängstlich;;;;;
5916;2;er ist kaputt und überfahren;traurig;;;;;
5916;3;Kartoffeln;fröhlich;;;;;
5916;4;die will nur schlafen;nicht gut;;nicht gut;traurig;;
5916;5;auf seiner Mama;fröhlich;;;;;
5916;6;Kerze;weiß ich nicht;;;fröhlich;;
5916;7;zum Geburtstag;fröhlich;;;;;
5916;8;weil er Angst hat, dass irgendjemand hinsieht;ängstlich;;;;;
5916;9;den Igel;traurig;;;;;
5916;10;sein Auto;böse;;;;;
7455;1;über Monster;ängstlich;;;;;
7455;2;ist überfahren worden;traurig;;;;;
7455;3;die Schokolade;neidisch;;;;;
7455;4;will nicht mehr spielen;traurig,ängstlich;;;;;keine Notiz dazu, welches Gefühl am stärksten
7455;5;im Arm von der Mama;froh;;;;;
7455;6;Schimmel;wütend;;;;;
7455;7;weil sie Geburtstag hat;fröhlich;;;;;
7455;8;weil ihre Hose offen ist;ängstlich;;;;;
7455;9;den igel;wütend;;;;;
7455;10;das Auto;wütend;;;;;
1039;1;Monsterfilm;traurig;;;;;
1039;2;ist überfahren worden;traurig;;;;;
1039;3;die Schokolade;ärgerlich;;;;;
1039;4;die ist krank;traurig;;;;;
1039;5;im Arm;gut;;;;;
1039;6;Riss;ärgerlich;;;;;
1039;7;von seiner Mutter;gut;;;;;
1039;8;weil die Hose offen ist;schlecht;;;;;
1039;9;Igel;traurig;;;;;
1039;10;Bild auf dem Karton;traurig;;;;;
3612;1;Monsterfilm;ganz ängstlich;;;;;
3612;2;hat ihr Teddy verloren;ganz traurig;;;;;
3612;3;die Schokolade;sehr glücklich;;;;;
3612;4;sie hat seit 2 Tagen nicht gespielt;ganz traurig/ besorgt;;;;traurig;
3612;5;im Arm der Mutter;ganz glücklich;;;;;
3612;6;ein Schimmel;ganz traurig;;;;;
3612;7;als Dank vom Freund zum Geburtstag;ganz überrascht;;;;;
3612;8;weil ihre Hose aufgerissen ist;ganz peinlich/ traurig;;;;traurig;
3612;9;einen Igel;ganz wütend;;;;;
3612;10;einen Turm;ganz wütend/ ganz traurig;;;;traurig;
5890;1;Monsterfilm;Angst;;;;;
5890;2;hat sich gerammt;traurig;;;;;
5890;3;Schokolade;toll, freut sich;;;;;
5890;4;ist krank;traurig;;;;;
5890;5;auf seiner Mutter;toll;;nee;;;
5890;6;riesiges Stück Schimmel;iih,traurig;;;;;
5890;7;Geburtstag;toll;;nein;;;
5890;8;weil die Hose runtergerutscht ist;doof;;nein;;;
5890;9;den Igel;sauer;;;;;
5890;10;das Lego;sauer;;;;;
3506;1;Monsterfilm;Angst;;;;;
3506;2;kaputt gegangen, weil Kipplaster drüber gefahren;traurig;;;;;
3506;3;die Schokolade;hungrig;;riesigen Hunger;;;
3506;4;will nicht mehr spielen;macht sich Sorgen;;;;;
3506;5;im Arm von ihrer Mutter;fröhlich;;;;;
3506;6;Schimmel;eklig;;;;;
3506;7;Geburtstag;fröhlich;;;;;
3506;8;weil ihre Hose offen ist;"""hoffentlich hat das keiner gesehen""";;;weiß nicht;;
3506;9;Igel;wütend;;;;;
3506;10;das Auto;wütend;;;;;
3724;1;Monsterfilm;hat Angst;;;;;
3724;2;Laster hat ihn überfahren;traurig;;;;;
3724;3;Schokoladentafel, möchte sie aufessen bis sie fett ist;fröhlich;;;;;
3724;4;schläft;besorgt;;;;;
3724;5;in Mamas Armen;glücklich;;;;;
3724;6;riesiger Schimmelfleck;ich weiß dazu grad kein Gefühl;;;;;
3724;7;für ihren Geburtstag;glücklich;;;;;
3724;8;ihre Hose ist offen;hat Angst, dass es jemand gesehen hat;;;;;
3724;9;Igel;böse;;;;;
3724;10;das Auto;wütend;;;;;
4532;1;Monsterfilm;er hat Angst;;;;;
4532;2;er wurde überfahren;traurig;;;;;
4532;3;die Schokoladentafel;wütend;;;;;
4532;4;sie will nicht mehr spielen;er wundert sich;;;;;
4532;5;er kuschelt mit der Mama;sicher;;;gut, fröhlich;;
4532;6;Schimmel;nicht gut;;ekelig;;;
4532;7;weil er Geburtstag;fröhlich;;;;;
4532;8;weil seine Hosen offen steht;peinlich;;nicht gut;;;
4532;9;den Igel;wütend;;;;;
4532;10;Lego-Modell;genervt;;;;;
1714;1;mit Monster;Angst;;;;;
1714;2;Auto darübergefahren;traurig;;;;;
1714;3;Mutter Tafel Schokolade in Schrank räumt;/;;;;;
1714;4;spielt nicht mehr mit ihr;erschrocken, besorgt;;;;besorgt;
1714;5;im Arm von Mutter;glücklich;;;;;
1714;6;Schimmel;ekelt sich;;;;;
1714;7;/ --> Geburtstag;glücklich;;;;;2x Frage gestellt
1714;8;Hose offen;/;;;;;
1714;9;Igel;sauer;;;;;
1714;10;Bausteine Karton;sauer, wütend;;;;wütend;
7488;1;Monsterfilm;Angst;;;;;
7488;2;wurde überfahren;traurig;;;;;
7488;3;?;schön, was er haben will;;;;;
7488;4;spielt nicht;traurig;;;;;
7488;5;Schoß von Mama;fröhlich;;;;;
7488;6;Schimmel;ecklig;;;;;
7488;7;Geburtstag;großartig;;;;;
7488;8;Weil sein Knopf offen ist;Angst;;;;;
7488;9;Igel;böse;;;;;
7488;10;Legospielzeug;-;;;;;
7140;1;Gruselfilm;ängstlich;;;;;
7140;2;kaputtgegangen;traurig;;;;;
7140;3;Tafel Schokolade;keine Ahnung;;;;;
7140;4;will nur schlafen;Sorgen;;;;;2x
7140;5;Schoß Mutter;fröhlich;;;;;
7140;6;Schimmel;enttäuscht;;;;;
7140;7;Geburtstag;fröhlich;;;;;
7140;8;Hose kaputt;ängstlich;;;;;
7140;9;Igel;wütend;;;;;
7140;10;Fahrzeug auf Box;wütend;;;;;
1622;1;Monsterfilm;Angst;;;;;
1622;2;LKW drübergefahren;traurig;;;;;
1622;3;Mutter räumt Schokolade aus Einkauf;gut;;;;;
1622;4;will nicht mehr spielen;Angst;;;;;
1622;5;im Schoß von Mutter;geborgen;;;;;
1622;6;großen schwarzen Fleck;angeeckelt;;;;;
1622;7;Geburtstag;fühlt sich gut;;;;;
1622;8;weil seine Hose offen ist;peinlich;;;;;
1622;9;Igel;traurig, sauer;;;;;
1622;10;Fahrzeug auf der Schachtel;traurig;;;;;
8236;1;ganz gruseligen Film mit Dinos;schlecht;;Angst;;;Mutter komplette Sitzung dabei
8236;2;Straße liegen geblieben -> Auto drüber;schlecht;;traurig;;;
8236;3;Schokoladentafel;fröhlich;;;;;
8236;4;macht nickerchen ;traurig;;;;;
8236;5;auf seiner Mutter;fröhlich;;;;;
8236;6;Schimmel;schlecht;;traurig;;;
8236;7;wenn man älter wird, bekommt man immer Geschenke;freut sich;;;;;
8236;8;denkt, die lachen, weil Hose offen;traurig;;;;;
8236;9;einen Igel;wütend;;;;;
8236;10;vielleicht noch nicht alt genug, um das zu bauen;wütend;;;;;
1331;1;Monster;ängstlich;;;;;
1331;2;Loch haben;traurig;;;;;
1331;3;Schokoladentafel ;glücklich;;;;;
1331;4;ist krank;traurig;;;;;
1331;5;in den Armen ihrer Mutter;glücklich;;;;;
1331;6;wirft ihn weg, Schimmelfleck ;ekelhaft;;;;;
1331;7;Zum Geburtstag;glücklich;;;;;
1331;8;sie glaubt alle lachen sie aus;hat Angst;;;;;
1331;9;Igel;wütend;;;;;
1331;10;Auto;wütend;;;;;
6803;1;Monster;ganz traurig;;;;;
6803;2;übergefahren;wollte nicht, dass der übergefahren wurde;;;traurig;;
6803;3;die Schokolade;dass sie die Schokolade will;;;/;;
6803;4;ist tot;ganz traurig;;;;;
6803;5;auf dem Schoß;ganz gut;;/;;;
6803;6;faul;ganz wütend;;;;;
6803;7;von Geburtstag;ganz ganz wohl;;freuen;;;
6803;8;weil sie nicht möchte, dass jemand es sieht;ganz so traurig;;;;;
6803;9;den Igel;ganz wütend;;;;;
6803;10;das Auto, was da drauf ist;ganz wütend ;;;;;
4432;1;Monsterfilm;nicht gut;;sie hat Angst vor Monster;;;
4432;2;Teddy fällt runter & ist kaputt;nicht gut;;Teddy ist verloren;;;
4432;3;Mutter räumt Schokolade in Schrank;gut;;weil Schokolade im Schrank;;;
4432;4;will nicht mehr spielen;nicht gut;;weil Katze nicht aufsteht;;;
4432;5;auf Bauch von Mama;gut;;;;;
4432;6;Schimmel;nicht gut;;;;;
4432;7;von einer Freundin;gut;;;;;
4432;8;Hosestall ist offen;nicht gut;;;;;
4432;9;Igel;nicht gut;;;;;
4432;10;Spielzeug wie auf Bild;nicht gut;;;;;
7324;1;Ein Film wo jemand verkleidet ist;ängstlich;;;;;
7324;2;er wurde von einem Lastwagen überfahren;traurig;;;;;
7324;3;dass Mutter den Einkauf einräumt;hungrig;;;;;
7324;4;sie spielt nicht mehr;traurig;;;;;
7324;5;auf Mamas Schoß;fröhlich;;;;;
7324;6;Schimmel;traurig;;;;;
7324;7;zum Geburtstag;glücklich;;;;;
7324;8;weil sie denkt: hoffentlich hat es keiner gesehen;traurig;;;;;
7324;9;den Igel;traurig;;;;;
7324;10;das was auf der Lego Schachtel war;traurig;;;;;
3930;1;Monsterfilm;Angst;;;;;
3930;2;übergefahren, ganz Wolle raus;traurig;;;;;
3930;3;Schokolade;will das gerne haben -> man könnte einen Stuhl;;;;;
3930;4;will nur Maus fangen, findet keine;Angst;;;;;
3930;5;auf Mamas Schoss;fröhlich;;;;;
3930;6;Schimmel;eklig;;;;;
3930;7;Geburtstag;freut sich;;;;;
3930;8;Angst, dass andere über sie lachen;Angst;;;;;
3930;9;Igel;böse;;;;;
3930;10;Auto;sauer;;;;;
9265;1;mit einem Monster;ängstlich;;;;;
9265;2;kaputt;traurig;;;;;
9265;3;Mutter Schokolade vom Einkauf;fröhlich;;;;;
9265;4;nicht mehr spielen;nervös;;;;;
9265;5;auf der Mama;fröhlich;;;;;
9265;6;Schimmel;traurig;;;;;
9265;7;Geburtstag;fröhlich;;;;;
9265;8;Hose offen;unsicher;;;;;
9265;9;Igel auf er Wiese;traurig;;;;;
9265;10;Model auf Legokiste;traurig;;;;;
4205;1;Monster unter Bett;schlecht;;dass das Monster es beißt;;;
4205;2;der Lastwagen ist drüber gefahren, weil er ihn verloren hat;schlecht;;gar nicht so gut;;;
4205;3;die Schokolade;gut, weil er die Schokolade will;;;;;
4205;4;sie spielt seit 2 Tagen nicht;schlecht;;;;;
4205;5;im Bett;sie fühlt sich gut, weil er schlafen kann;;;;;
4205;6;"das ist nicht schön, wenn man beim Essen ""igitt"" sagt, er entdeckt etwas nicht leckeres";nicht gut;;;;;
4205;7;weil er Geburtstag hat;gut;;;;;
4205;8;weils die Kerze angezündet hat und das dürfen die Kinder nicht. Hat Angst, dass jemand das gesehen hat;nicht so gut;;;;;
4205;9;die Räuber;gut, dass er ein Foto von denen kriegt;;;;;
4205;10;es wollte das bauen, wo auf dem Karton drauf war;nicht so gut;;dass es ihm ganz schlecht;;;
3875;1;Monsterfilm;weiß nicht;;;;;
3875;2;weiß nicht;weiß nicht;;;;;
3875;3;Schokolade;ich will das haben;;;;;
3875;4;?;?;;;;;
3875;5;-;weiß nicht;;;;;
3875;6;weiß nicht;weiß nicht;;;;;
3875;7;weiß nicht;toll;;;;;
3875;8;weiß nicht;weiß nicht;;;;;
3875;9;weiß nicht;weiß nicht;;;;;
3875;10;weiß nicht;weiß nicht;;;;;
5444;1;Monsterfilm;ängstlich;;;;;
5444;2;er wurde überfahren;traurig;;;;;
5444;3;Schokoladentafel;glücklich;;;;;
5444;4;sie hat keine Lust zu spielen;nervös;;;;;
5444;5;Schoß von seiner Mama;glücklich;;;;;
5444;6;Schimmel;dass es eklig ist;;;;;
5444;7;zu seinem Geburtstag;glücklich;;;;;
5444;8;er hat Angst, dass jemand sieht, dass seine Hose offen ist;nervös;;;;;
5444;9;Igel;verzweifelt;;;;;
5444;10;Lego;wütend;;;;;
9461;1;Monster;ängstlich;;;;;
9461;2;kaputt;traurig;;;;;
9461;3;will das haben;traurig;;;;;
9461;4;krank;traurig;;;;;
9461;5;bei der Mama;gut;;gut;;;
9461;6;Kerze;traurig;;;;;
9461;7;Nikolaus;toll;;weiß nicht;;;
9461;8;Hose gerissen;traurig;;;;;
9461;9;Igel;wütend;;;;;
9461;10;Turm;traurig;;;;;
7266;1;gruselig;sie hat Angst;;;;;
7266;2;kaputt;traurig;;;;;
7266;3;Mama räumt Schokolade in Schrank;-;;;;;
7266;4;sie denkt, dass sie krank ist;nicht gut;;;;;
7266;5;im Arm von ihrer Mama;-;;;;;
7266;6;Schimmel;Ekel;;;;;
7266;7;sie hat Geburtstag ;toll;;;;;
7266;8;die Hose ist offen;komisch;;;;;
7266;9;Igel;-;;;;;
7266;10;Auto;-;;;;;
3229;1;Monster;Angst;;;;;
3229;2;kaputt gegangen;traurig;;;;;
3229;3;Mutter packt Einkauf aus, will Schokolade;kann nicht warten;;;aufgeregt;;
3229;4;krank;nicht gut;;traurig;;;
3229;5;im Arm ihrer Mutter;glücklich;;;;;
3229;6;Schimmel;eklig;;;;;
3229;7;hat Geburtstag;freut sich;;;;;
3229;8;hat Kerze angezündet;fühlt sich peinlich;;;;;
3229;9;Igel;sauer;;;;;
3229;10;Auto;traurig;;;;;
3261;1;Über Monster;ängstlich;;;;;
3261;2;Auto drübergefahren;traurig;;;;;
3261;3;Mutter Tafel Schoko in Schrank;will Schoko unbedingt haben;;;fühlt sich entschlossen;;
3261;4;will nicht mehr spielen;traurig;;;;;
3261;5;im Arm der Mutter;glücklich;;;;;
3261;6;Schimmel;angewidert ;;;;;
3261;7;hat Geburtstag;toll;;nein;;;
3261;8;Hose steht offen;Angst;;;;;
3261;9;Igel;sauer;;;;;
3261;10;Legomodellauto;doof;;will unbedingt haben/machen;nervös;;
1297;1;Monsterfilm;ängstlich;;;;;
1297;2;Straße gefallen;traurig;;;;;
1297;3;Mutter Schokolade ;aufgeregt;;;;;
1297;4;seit Tagen nicht spielen;hofft, dass Katze gesund;;;weiß nicht;;
1297;5;Schoß Mama;sicher;;;;;
1297;6;Schimmel;weiß nicht;;;;;
1297;7;Geburtstag;fröhlich;;;;;
1297;8;weil sie peinlich ist;schlecht ;;hofft, dass es keiner entdeckt;unwohl;;Kind hat Emotion schon bei der Wissensfrage genannt + schien verwirrt, dass ich nochmal nach Gefühl frage
1297;9;Igel;grantig;;;;;
1297;10;Spielzeugfahrzeug;traurig;;;;;
1256;1;Monster;Angst;;;;;
1256;2;wude überfahren;traurig;;;;;
1256;3;wie Mama ausgepackt hat;fröhlich;;;;;
1256;4;bestimmt krank ;traurig;;;;;
1256;5;auf der Mama, Schoss;sicher;;;;;
1256;6;Fleck Schimmel ;traurig;;;;;
1256;7;für die Schule ;fröhlich;;;;;
1256;8;weil es blöd ist, wenn ein andere etwas sieht, was er nicht darf;traurig;;;;;
1256;9;den Igel;traurig;;;;;
1256;10;Modell;sauer;;;;;
8186;1;mit einem Monster;ängstlich;;;;;
8186;2;wurde überfahren;traurig;;;;;
8186;3;Schokolade;neugierig;;;;;
8186;4;ruht sich aus oder ist krank;ängstlich;;;;;
8186;5;in den Armen von seiner Mama;sicher und fröhlich;;;;sicher;
8186;6;Stück Schimmel;Ekel;;;;;
8186;7;zum Geburtstag, zu Weihnachten;fröhlich + überrascht;;;;fröhlich;
8186;8;weil der ängstlich ist;ängstlich;;;;;
8186;9;den Igel;wütend + gemein;;;;wütend;
8186;10;ein Legoauto;enttäuscht +wütend;;;;enttäuscht;
2667;1;Monsterfilm;weiß ich nicht;;;sie ist traurig;;
2667;2;der wurde überfahren;die ist traurig über ihren Teddy;;;;;
2667;3;die Schokolade;unbewohnt;;schlecht;;;
2667;4;die ist krank;die findet das ein bisschen traurig;;;;;
2667;5;auf ihrer Mama;gut;;einfach gut;;;
2667;6;eine Kerze;weiß ich nicht so genau;;;nicht gut;;
2667;7;wegen ihrem Geburtstag;schön findet sie das;;gut;;;
2667;8;wegen ihre Hose verbrannt war;nicht schön;;;;;
2667;9;den igel;unbewohnt;;;;;
2667;10;Das Modell;sauer;;;;;
5589;1;Monsterfilm;Angst;;;;;
5589;2;auf die Straße gefallen, überfahren, kaputt;traurig;;;;;
5589;3;wie Mama eine Schokolade in Schrank gelegt;Appetit;;;gefreut;;
5589;4;Katze ist vielleicht krank;traurig;;;;;
5589;5;auf Mamas Schoß;glücklich;;;;;
5589;6;Schimmel;eklig;;;;;
5589;7;hatte Geburtstag;hat sich gefreut;;;;;
5589;8;weil die Hose kaputt war;hatte Angst, dass sie jemand sieht;;;;;
5589;9;Igel;ganz doll sauer;;;;;
5589;10;das Lego-Modell;sauer und enttäuscht;;;;eher enttäuscht;
2691;1;mit Monstern;traurig;;;;;
2691;2;er ist kaputt gegangen;traurig;;;;;
2691;3;die Schokolade;aufgeregt;;;;;
2691;4;sie ist krank;traurig;;;;;
2691;5;auf ihrer Mama;fröhlich;;;;;
2691;6;Schimmel;eklig;;;;;
2691;7;von ihrer Mama;fröhlich;;;;;
2691;8;weil die Hose offen war;traurig;;;;;
2691;9;den Igel;traurig;;;;;
2691;10;das Auto;traurig;;;;;
6992;1;Monsterfilm;hat Angst;;;;;"Kind sagt auch auf Nachfrage nichts außer ""gut"""
6992;2;auf die Straße gefallen;traurig;;;;;
6992;3;Seine Mama tut eine Tafel Schokolade in den Schrank + will sie essen, aber er kommt nicht ran;gut;;;;;
6992;4;will seit 2 Tagen nicht spielen;nicht gut;;;;;
6992;5;in den Armen von seiner Mama;gut;;;;;
6992;6;"ein Schimmel, sagt: ""Igitt!""";gut;;;;;
6992;7;weil er Geburtstag hat;gut;;;;;
6992;8;weil seine Hose aufgegangen ist;nicht so gut;;;;;
6992;9;einen Igel;nicht gut, genervt;;;;;
6992;10;"Spielzeug wie auf der Kiste; er kann seine Eltern fragen, ob sie ihm helfen";nicht gut;;;;;
8476;1;Monsterfilm;ängstlich;;;;;
8476;2;kaputt;traurig;;;;;
8476;3;Mutter räumt Schokolade da hoch;gut;;-;;;
8476;4;ist krank;traurig + Sorgen;;;;nicht glücklich;
8476;5;von der Mutter aufm Schoß;gut;;sehr sehr gut;;;
8476;6;Schimmel;nicht gut;;-;;;
8476;7;wegen ihrem Geburtstag;schön;;dankbar;;;
8476;8;Hose auf;peinlich;;;;;
8476;9;Igel;doof;;nicht gut/ toll;;;
8476;10;das Auto;enttäuscht;;;;;
7940;1;ein Monsterfilm;ängstlich;;;;;
7940;2;er ist auf Straße verloren geg. + LKW drüber;traurig;;;;;
7940;3;wie Mama Schoki ins Regal stellt;fröhlich + wütend, weil keine Schoki;;;;fröhlich;
7940;4;will nicht mehr spielen;traurig;;;;;
7940;5;im Arm seiner Mama;fröhlich;;;;;
7940;6;ein Schimmel;traurig, weil ein Schimmel;;;;;
7940;7;zum Geburtstag;fröhlich;;;;;
7940;8;weil seine Hose offen steht;traurig;;;;;
7940;9;einen Igel;traurig + wütend;;;;wütend;
7940;10;das Lego;traurig;;;;;
8891;1;Monster;Angst;;;;;
8891;2;Lastwagen drüberfahren;traurig;;;;;
8891;3;Schokitafel;glücklich;;;;;
8891;4;spielt nicht mehr;traurig;;;;;
8891;5;auf der Mama;glücklich;;;;;
8891;6;Dreck;traurig;;;;;
8891;7;von Gotti vielleicht;glücklich;;;;;
8891;8;Hose kaputt;traurig;;;;;
8891;9;Igel;verruckt (Schweizer für wütend);;;;;
8891;10;das, was draufsteht;verruckt;;;;;
4868;1;über ein Monster;nicht so gut;;er hat Angst;;;
4868;2;platt gefahren;traurig;;;;;
4868;3;wie seine Mama die Schokolade in den Schrank geräumt hat;gut;;aufgeregt;;;
4868;4;badet;ängstlich;;;;;
4868;5;bei seiner Mutter;froh;;;;;
4868;6;Schimmel;wütend;;;;;
4868;7;weil er Geburtstag hat;richtig froh;;;;;
4868;8;wegen der Kerze;traurig;;;;;
4868;9;einen Igel;sauer;;böse;;;keine Notiz, warum Nachfrage gestellt wurde
4868;10;Lego;wütend;;;;;
3397;1;Monster, die unter Betten verstecken;ängstlich;;;;;
3397;2;umgefahren;traurig;;;;;
3397;3;Mutter räumt Schokolade ein;fröhlich;;;;;
3397;4;zu alt;traurig;;;;;
3397;5;Armen ihrer Mutter;gut;;weil denkt ihr passiert nichts;fröhlich;;
3397;6;Schimmel;schlecht;;nein;;;
3397;7;Geburtstag;fröhlich;;;;;
3397;8;Hose offen;keine Ahnung;;;;;
3397;9;Igel;sauer;;;;;
3397;10;Auto;traurig;;;;;
7063;1;Monster;traurig;;;;;
7063;2;überfahren;traurig;;;;;
7063;3;wie Katze im Korb liegt;?;;;;;
7063;4;?;?;;;;;
7063;5;im Arm von Mama;sicher;;;;;
7063;6;großes Schimmelfleck ;Ähm?;;;;;
7063;7;zum Geburtstag;fröhlich;;;;;
7063;8;Hose ist offen;Ähm?;;;;;
7063;9;Igel;traurig;;;;;
7063;10;Spielzeug;?;;;;;
9485;1;gruseliger Film;sie fürchtet sich;;;;;
9485;2;sie lässt ihn fallen aus Versehen;traurig;;;;;
9485;3;Mama hat Schokolade aus Tasche und in den Schrank gelegt;hungrig und möchte das haben;;;;;
9485;4;die Katze ist müde, Katzen sind nachtaktiv;traurig, macht sich Sorgen;;;;;
9485;5;auf dem Schoß von ihrer Mutter;glücklich;;;;;
9485;6;Fleck Schimmel, den kann man wegschneiden;traurig, weil kein Kuchen mehr da ist und das Wohnzimmer riecht jetzt;;;;;
9485;7;sie hat Geburtstag ;Die Schwester fühlt sich vielleicht eifersüchtig;fröhlich;;;;
9485;8;sie mag nicht, dass jemand ihre Unterhose sieht;ängstlich, vielleicht lachen die anderen sie aus;;;;;
9485;9;Igel;traurig;;;;;
9485;10;Auto mit Gepäck und Rädern;blöd;;traurig. Sie sollte nicht aufgeben, sondern ein anderes Auto bauen mit Lego;;;
4504;1;Mit einem Monster;hat Angst;;;;;
4504;2;wurde kaputt gefahren;traurig;;;;;
4504;3;Schokolade;denkt wenn er die kriigt, dann isst er alles leer;;;;;
4504;4;Katze ist müde;schlecht, vielleicht ist Katze krank oder tot oder ohnmächtig;;;;;
4504;5;auf dem Bauch seiner Mama;sehr, sehr gut. Er ist glücklich;;;;;
4504;6;Schimmel ;ekelig;;;;;
4504;7;weil er Geburtstag hat ;glücklich;;;;;
4504;8;weil er sich verbrannt hat;nicht gut, weil es heißt ist;;;;;
4504;9;Igel im Busch;sauer;;;;;
4504;10;das was auf der Packung ist;sauer, weil es nich klappt, bestimmt fehlen Teile;;;;;
5390;1;Monster;erschreckt;;;;;
5390;2;kaputt;traurig;;;;;
5390;3;Schokolade ;traurig;;;;;
5390;4;spielt nicht mehr;ängstlich;;;;;
5390;5;auf Mamas Schoß;fröhlich;;;;;
5390;6;Schimmel ;traurig;;;;;
5390;7;Geburtstag;fröhlich;;;;;
5390;8;weil ihm bisschen heiß ist;traurig;;;;;
5390;9;Igel ->weggerannt;wütend + traurig;;;;wütend;
5390;10;das auf der Verpackung;traurig;;;;;
8945;1;Monsterfilm;ängstlich;;;;;
8945;2;die naht ist raus;traurig;;;;;
8945;3;möchte Schoko haben;gut;;;;;
8945;4;müde;traurig;;;;;
8945;5;in Mama's Arm;schön;;;;;
8945;6;Schimmel ;blöd, da sie nicht Kuchen essen kann;;;;;
8945;7;zum Spielen;gut;;weiß nicht;;;
8945;8;weil Hose offen ist;blöd ;;;;;
8945;9;Igel;wütend;;;;;
8945;10;Auto;wütend;;;;;
3322;1;ein Monsterfilm;ängstlich;;;;;
3322;2;da ist ein Lastwagen drübergefahren;traurig;;;;;
3322;3;die Schokoladentafel;fröhlich;;;;;
3322;4;nichts;traurig;;;;;
3322;5;im Schoß seiner Mutter;fröhlich;;;;;
3322;6;ein Schimmelfleck;wütend;;;;;
3322;7;weil er Geburtstag hat;fröhlich;;;;;
3322;8;"weil er denkt "" Hoffentlich hat das keiner gesehen""";komisch;;/;;;
3322;9;Igel;wütend;;;;;
3322;10;ein Auto;traurig;;;;;
417;1;ein Monsterfilm;ängstlich;;;;;
417;2;kaputt, weil Laster drübergefahren ist;traurig;;;;;
417;3;eine Schokolade;fröhlich;;;;;
417;4;sie ist krank;traurig;;;;;
417;5;auf Mamas Schoß;fröhlich;;;;;
417;6;ein rießen Fleck;sauer;;;;;
417;7;weil er Geburtstag hat;sehr sehr fröhlich;;;;;
417;8;weil die Kerze rot ist und sein Kopf rot wird;traurig;;;;;
417;9;einen igel;nicht so gut;;;;;
417;10;kein Auto bauen;sehr sauer;;;;;
3394;1;mit gruseligen Aliens;ängstlich;;;;;
3394;2;aus der Hand gefallen + überfahren;traurig;;;;;
3394;3;Schokoladentafel ;möchte gern die Tafel Schoko haben ;;;hungrig;;
3394;4;älter + will nicht mehr spielen;verängstlicht;;;;;
3394;5;auf Bauch seiner Mutter;glücklich;;;;;
3394;6;großen Fleck Schimmel;eklig;;;;;
3394;7;hat Geburtstag;glücklich + aufgeregt;;;;aufgeregt;
3394;8;Hose aufgegangen;peinlich;;;;;
3394;9;Igel;wütend;;;;;
3394;10;Modell auf Packung;wütend;;;;;
9696;1;Film mit Monster;nicht so gut;;Angst;;;
9696;2;kaputt;traurig;;;;;
9696;3;Schokolade;ganz gut;;;;;
9696;4;möchte Maus essen;schlecht;;;;;
9696;5;Schoß von Mutter;gut;;wohlfühlen;;;
9696;6;ein Fleck;nicht so toll;;;;;
9696;7;zum Geburtstag;gut;;glücklich;;;
9696;8;weil seine Hosse offen ist;nicht so gut;;;;;
9696;9;einen Igel;sauer;;;;;
9696;10;Legomodell;sauer;;;;;
2346;1;Monsterfilm;ängstlich;;;;;
2346;2;kaputt;ganz traurig;;;;;
2346;3;Schokolade;fröhlich;;;;;
2346;4;krank;nervös;;;;;
2346;5;auf der Mama;fröhlich;;;;;
2346;6;Wasserfleck;böse;;;;;
2346;7;Geburtstag;fröhlich;;;;;
2346;8;Hose ist aufgegangen;nervös;;;;;
2346;9;Igel;wütend;;;;;
2346;10;ein Auto;traurig;;;;;
929;1;Monsterfilm;ängstlich;;;;;
929;2;Naht aufgegangen;traurig;;;;;
929;3;Schokolade;gut;;bekommt Tafel Schokolade;happy;;
929;4;will nicht mehr spielen;ängstlich;;;;;
929;5;bei ihrer Mama;gut;;fröhlich;;;
929;6;Schimmelfleck;wütend;;;;;
929;7;von ihrer Mama;fröhlich;;;;;
929;8;Hose aufgegangen;unsicher;;weiß nicht;;;
929;9;Igel;wütend;;;;;
929;10;Auto;sauer;;;;;
8752;1;Monsterfilm;ängstlich;;;;;
8752;2;kaputt gegangen;traurig;;;;;
8752;3;Schokolade ;glücklich;;;;;
8752;4;will gar nicht mehr spielen;traurig;;;;;
8752;5;auf Mama;glücklich;;;;;
8752;6;Schimmel;ekelig;;;;;
8752;7;zum Geburtstag;glücklich;;;;;
8752;8;weil ihre Hose offen ist;erschrocken;;;;;
8752;9;einen Igel, der ist weggerannt;wütend;;;;;
8752;10;ein Auto;wütend ;;;;;
7626;1;Monsterfilm;traurig;;;;;
7626;2;Auto drübergefahren;traurig;;;;;
7626;3;Schokolade;komisch;;;;;
7626;4;spielt nicht mehr;komisch;;;;;
7626;5;bei seiner Mutter;gut;;;;;
7626;6;Schimmel;sauer;;;;;
7626;7;weil der Weihnachtsmann es ihm gegeben hat;gut;;;;;
7626;8;wegen der Kerze ;komisch;;;;;
7626;9;einen Igel;böse;;;;;
7626;10;dieses Spielzeug;böse;;;;;
8959;1;Monsterfilm;hat Angst;;;;;
8959;2;kaputt;sie ist traurig;;;;;
8959;3;Mama räumt Schokolade oben in den Schrank ;sie möchte die haben;;;;;
8959;4;will seit 2 Tagen nicht mehr spielen;sie hat Angst um ihre Katze;;;;;
8959;5;in den Armen von ihrer Mama;wohl;;;;;
8959;6;Schimmel;-;;;;;
8959;7;sie hat Geburtstag ;fröhlich;;;;;
8959;8;sie denkt, hoffentlich sehen die nicht meine Unterhose;peinlich;;;;;
8959;9;Igel;traurig;;;;;
8959;10;das Haus auf der Anleitung oben;traurig;;;;;
5798;1;Monsterfilm;Angst;;;;;
5798;2;überfahren;traurig;;;;;
5798;3;Mama Einkauf in Schrank räumt;fröhlich;;;;;
5798;4;seit 2 Tagen nicht mehr spielen;hoffen, dass Katze nicht krank;;;;;
5798;5;im Arm seiner Mutter;glücklich;;;;;
5798;6;Schimmel;eklig;;;;;
5798;7;damit er sich freut;fröhlich;;;;;
5798;8;Hose offen;nicht richtig wohl;;nicht richtig wohl;;;
5798;9;Igel;wütend;;;;;
5798;10;ein Auto nachbauen;wütend;;;;;
58;1;Monsterfilm;Angst;;;;;
58;2;überfahren;traurig;;;;;
58;3;Schokolade;glücklich;;;;;
58;4;will nicht mehr spielen;beängstigt, besorgt;;;;besorgt;
58;5;Im Arm von Mutter;glücklich;;;;;
58;6;Schimmel;ekelt sich;;;;;
58;7;Geburtstag;überrascht;;;;;
58;8;Hose aufgerissen;peinlich, blöd, Angst vorm Auslachen;;;;peinlich;
58;9;Igel;wütend;;;;;
58;10;Auto;wütend;;;;;
9656;1;Monster;-;;;;;
9656;2;kaputt gegangen;nicht gut;;;;;
9656;3;Mama Schokolade ganz oben in Schrank;gut;;;;;
9656;4;krank;besorgt;;;;;
9656;5;Arm seiner Mutter;gut;;;;;
9656;6;Kerze;-;;;;;
9656;7;Geburtstag;gut;;;;;
9656;8;Hose offen;-;;;;;
9656;9;Igel;nicht gut;;;;;
9656;10;Auto;nicht gut;;;;;
6016;1;Monster;ängstlich;;;;;
6016;2;wurde überfahren;traurig;;;;;
6016;3;wie Mama eine Tafel Schokolade ins oberste Regal räumt;toll;;weils vllt für sie ist;fröhlich;;
6016;4;will nicht mehr spielen;schlecht;;weil sie denkt, dass sie krank ;traurig;;
6016;5;in den Armen von ihrer Mama;toll;;weil, sie bei ihrer Mama ist;glücklich;;
6016;6;faul;traurig;;;;;
6016;7;weil sie Geburtstag hat;glücklich;;;;;
6016;8;weil ihre Hose aufgeht;nicht gut;;weil sie denkt, sie hätte jeder gesehen;traurig;;
6016;9;einen Igel;sauer;;;;;
6016;10;ein Auto;traurig;;;;;
6880;1;Gruselfilm;Angst;;;;;
6880;2;Laster überfahren;traurig;;;;;
6880;3;Schokolade;gut, will Schokolade haben;;;;;
6880;4;will nicht mehr spielen;(schlecht) traurig;;;;;
6880;5;Bauch von der Mama;gut, schön;;;;;
6880;6;Schimmel;schlecht, ihm ist übel;;;;;
6880;7;Geburtstag;gut, toll;;;;;
6880;8;Hose offen war;Angst;;;;;
6880;9;Igel;(schecht) verärgert;;;;;
6880;10;Legolastwagen;(schlecht) nicht wohl, mag das Spielzeug nicht;;;;;
2317;1;Monster;ängstlich;;;;;
2317;2;wurde überfahren vom LKW;traurig;;;;;
2317;3;wie Mutter Einkäufe einräumt;gut;;sehr gut;;;
2317;4;will nicht mehr spielen;ängstlich;;;;;
2317;5;bei Mutter;sicher;;;;;
2317;6;Schimmel;weiß nicht;;;;;
2317;7;Geburtstag;gut;;sehr sehr gut;;;
2317;8;Hose auf;ängstlich;;;;;
2317;9;Igel;sauer;;;;;
2317;10;das, was auf der Schachtel steht;traurig;;;;;
7200;1;Monster;ängstlich;;;;;
7200;2;Laster drüber gefahren;traurig;;;;;
7200;3;Mama packt Schokolade ganz nach oben in Schrank;-;;;;;
7200;4;will nicht spielen;ängstlich;;;;;
7200;5;bei der Mama, kuschelt;glücklich;;;;;
7200;6;Schimmel ;ekelig;;;;;
7200;7;Geburtstag;glücklich;;;;;
7200;8;Hose offen;ängstlich;;;;;
7200;9;Igel;wütend;;;;;
7200;10;Spielzeug;wütend;;;;;
1547;1;ein Monster;traurig;;;;;
1547;2;überfahren;ganz traurig;;;;;
1547;3;die Katze;doof;;weiß ich nicht;;;
1547;4;sie ist krank;traurig;;;;;
1547;5;im Arm ihrer Mutter;schön;;will nicht genauer beschreiben;;;
1547;6;ein rießen Kleks Schimmel ;doof;;;;;
1547;7;Geburtstag;schön;;;;;
1547;8;weil die Hose kaputt ist;weiß ich nicht;;;;;
1547;9;ein Igel;doof;;;;;
1547;10;das Modellauto;doof;;;;;
3729;1;Monsterfilm;hat Angst;;;;;
3729;2;kaputt gegangen;traurig;;;;;
3729;3;Schokoladentafel;traurig, aufgeregt;;;;aufgeregt;
3729;4;spielt seit 2 tagen nicht mehr;traurig, denkt dass Katze hoffentllich nicht krank ist;;;;;
3729;5;bei seiner Mama auf dem Schoß;hat Angst;;;;;
3729;6;Schimmel;traurig, weil er den Kuchen weggeschmeißen muss;;;;;
3729;7;weil er Geburtstag hat;gut;;freudig;;;
3729;8;weil ihre Hose aufgegangen ist;erschrocken;;;;;
3729;9;einen Igel, aber er konnte nicht, weil Freund angerannt;wütend;;;;;
3729;10;ein Lego-Modell, das auf der Schachtel war;wütend;;;;;
2677;1;Monsterfilm;hat Angst;;;;;
2677;2;hat ihn verloren;ist traurig;;;;;
2677;3;dass Mama Schokolade gekauft hat;weiß nicht;;;;;
2677;4;sie ist krank;weiß nicht;;;;;
2677;5;in Armen von Mama;sie fühlt sich wohl;;;;;
2677;6;Schimmel;weiß nicht;;;;;
2677;7;Geburtstag;fröhlich;;;;;
2677;8;weil die Hose offen steht;weiß nicht;;;;;
2677;9;Igel;weiß nicht;;;;;
2677;10;Fahrzeug auf der Packung;sie ist sauer;;;;;
8163;1;mit Monster;erschrocken;;;;;
8163;2;ist kaputtgegangen;traurig;;;;;
8163;3;die Schokoladentafel;hungrig;;;will man das haben;;
8163;4;kriegt Katzenbabys;traurig;;;;;
8163;5;in der Mitte;glücklich;;;;;
8163;6;eine Kerze;glücklich;;;;;
8163;7;weil sie Geburtstag hat;glücklich;;;;;
8163;8;müsste die Hose wieder zunähen;traurig;;;;;
8163;9;den Igel;traurig;;;;;
8163;10;das Auto auf der Verpackung;traurig;;;;;
2343;1;Monsterfilm;ängstlich;;;;;
2343;2;wurde von Auto überfahren;traurig;;;;;
2343;3;eine Schokolade;süchtig/glücklich;;;;;
2343;4;die will nicht mehr spielen;nicht gut;;;;;
2343;5;bei seiner Mama auf dem Schoß;sicher;;;;;
2343;6;Schimmel;eklig;;;;;
2343;7;weil er Geburtstag hat;fröhlich;;;;;
2343;8;weil er sich schämt;schlecht;;;;;
2343;9;einen Igel;sauer;;;;;
2343;10;ein Auto;sauer;;;;;