ID subject;vignette;Verständnisfrage;Frage 1;Nachfrage 1;Nachfrage 2;Nachfrage 3;Nachfrage 4;Bemerkung;Emotion;Reduction;Modifikator;Negation;Kodierer;Problem
2388;1;einen gruseligen;ängstlich;;;;;;ängstlich;ängstlich;;;E.T.;
2388;2;kaputt;traurig;;;;;;traurig;traurig;;;E.T.;
2388;3;die Schokolade;glücklich;;;;;;glücklich;glücklich;;;E.T.;
2388;4;ist müde;niedergelassen;;;;;;gelassen;Gelassenheit;;;E.T.;
2388;5;im Arm der Mutter;glücklich;;;;;;glücklich;glücklich;;;E.T.;
2388;6;Schimmel;eklig;;;;;;eklig;Ekel;;;E.T.;
2388;7;damit er glücklich ist;glücklich;;;;;;glücklich;glücklich;;;E.T.;
2388;8;weil die Hose offen ist;peinlich;;;;;;peinlich;peinlich;;;E.T.;
2388;9;den Igel;wütend;;;;;;wütend;wütend;;;E.T.;
2388;10;das Legoset;traurig;;;;;;traurig;traurig;;;E.T.;
6426;1;Monsterfilm;ängstlich;;;;;;ängstlich;ängstlich;;;E.T.;
6426;2;wurde von LKW überfahren;traurig;;;;;;traurig;traurig;;;E.T.;
6426;3;Schokolade ;liebes Gesicht ;;;;;;99;99;;;BS;3.0
6426;4;weiß ich nicht;traurig;;;;;;traurig;traurig;;;E.T.;
6426;5;im Schoß von Mutter;schön;;;;;;schön;positiv;;;E.T.;
6426;6;Schimmel;traurig;;;;;;traurig;traurig;;;E.T.;
6426;7;Weihnachtsmann/Geburtstag;lächtelt;;;;;;99;99;;;BS;3.0
6426;8;weil Hose offen war;komisch;;;;;;99;99;;;BS;3.0
6426;9;Igel;traurig;;;;;;traurig;traurig;;;E.T.;
6426;10;LKW;böse;;;;;;böse;negativ;;;E.T.;
6665;1;Monsterfilm;nicht gut;;;;;;nicht gut;negativ;;;BS;2.0
6665;2;unterm LKW gefallen;schlecht;;;;;;schlecht;negativ;;;E.T.;
6665;3;dass Mama Schokolade in Schrank macht;hat Angst;;;;;;Angst;ängstlich;;;E.T.;
6665;4;will nicht spielen;hat bisschen Angst;;;;;;bisschen Angst;ängstlich;bisschen;;E.T.;
6665;5;im Arm der Mutter;gut;;;;;;gut;positiv;;;E.T.;
6665;6;dass da Schimmel ist;traurig;;;;;;traurig;traurig;;;E.T.;
6665;7;denkt das es ein tolles ist;gut;;;;;;gut;positiv;;;E.T.;
6665;8;weil die Hose offen war;schlecht;;;;;;schlecht;negativ;;;E.T.;
6665;9;den Igel;schlecht;;;;;;schlecht;negativ;;;E.T.;
6665;10;ein Spielzeugauto;traurig;;;;;;traurig;traurig;;;E.T.;
3131;1;mit Monster;ängstlich, Angst;;;;;Kind wirkt insgesamt unkonzentriert;ängstlich;ängstlich;;;BS;2.0
3131;2;Teddy ist auf Straße gefallen;traurig;;;;;;traurig;traurig;;;E.T.;
3131;3;Schokolade ;fröhlich;;;;;Verständnis unklar;fröhlich;fröhlich;;;E.T.;
3131;4;krank;traurig;;;;;;traurig;traurig;;;E.T.;
3131;5;im Arm der Mutter;fröhlich;;;;;;fröhlich;fröhlich;;;E.T.;
3131;6;Schimmel;eklig;;;;;;eklig;Ekel;;;E.T.;
3131;7;zum Geburtstag;fröhlich;;;;;;fröhlich;fröhlich;;;E.T.;
3131;8;hat Angst, dass jeder die Unterhose sieht;Angst;;;;;;Angst;ängstlich;;;E.T.;
3131;9;Igel;sauer;;;;;;sauer;sauer;;;E.T.;
3131;10;Puzzle auf Schachtel;sauer;;;;;;sauer;sauer;;;E.T.;
8096;1;gruselig;traurig;;;;;;traurig;traurig;;;BS;2.0
8096;2;Boden gefallen, überfahren;traurig;;;;;;traurig;traurig;;;E.T.;
8096;3;Mama kauft, was sie will;traurig;;;;;;traurig;traurig;;;E.T.;
8096;4;Schläft sie?;traurig;;;;;;traurig;traurig;;;E.T.;
8096;5;in die Mama;froh;;;;;;froh;froh;;;E.T.;
8096;6;Kaka, Schleim;sauer;;;;;;sauer;sauer;;;E.T.;
8096;7;Geburtstag;froh;;;;;;froh;froh;;;E.T.;
8096;8;Kerze an war;traurig;;;;;;traurig;traurig;;;E.T.;
8096;9;Igel;traurig;;;;;;traurig;traurig;;;E.T.;
8096;10;Auto;traurig;;;;;;traurig;traurig;;;E.T.;
2058;1;Monsterfilm;erschrocken;;;;;;erschrocken;erschrocken;;;E.T.;
2058;2;überfahren;traurig;;;;;;traurig;traurig;;;E.T.;
2058;3;? Weiß nicht;weiß nicht;;;;;;99;99;;;BS;3.0
2058;4;weiß nicht;Angst;;;;;;Angst;ängstlich;;;E.T.;
2058;5;Schoß von Mutter;sicher;;;;;;99;99;;;BS;3.0
2058;6;Kerze;weiß nicht;;;;;;99;99;;;BS;3.0
2058;7;Geburtstag;fröhlich;;;;;;fröhlich;fröhlich;;;E.T.;
2058;8;weiß nicht;weiß nicht;;;;;;99;99;;;BS;3.0
2058;9;Igel;traurig;;;;;;traurig;traurig;;;E.T.;
2058;10;Auto;traurig;;;;;;traurig;traurig;;;E.T.;
8034;1;von einem Monster;ängstlich;;;;;;ängstlich;ängstlich;;;E.T.;
8034;2;über die Straße gehen, runtergefallen + überfahren;traurig;;;;;;traurig;traurig;;;E.T.;
8034;3;Tafel Schokolade in Schrank ;hungrig nach Schokolade;;;sieht, Bauch leer;;;99;99;;;BS;3.0
8034;4;spielt seit 2 Tagen nicht mehr;einsam;;;;;;einsam;einsam;;;E.T.;
8034;5;Arm Mutter + kuschelt;gut;;im Arm;nicht so einsam + gut + toll;;;nicht so einsam;;so;nicht;BS;2.0
8034;6;Schimmel ;nicht so gut;;doof gerochen;eklig;;;eklig;Ekel;;;BS;2.0
8034;7;für sich;gut + fröhlich;;;;;;fröhlich;fröhlich;;;BS;2.0
8034;8;Hose offen;peinlich + bisschen fies;;;;peinlich;;peinlich;peinlich;;;E.T.;
8034;9;Igel;schlecht ;;weil Igel nicht fotografiert;doof;;;schlecht;negativ;;;BS;2.0
8034;10;Legomodell auf Kasten;doof;;fand blöd, dass er´s nicht konnte;;;;doof;negativ;;;BS;2.0
7281;1;Monster unter Bett;ängstlich;;;;;;ängstlich;ängstlich;;;E.T.;
7281;2;dreckig;traurig;;;;;;traurig;traurig;;;E.T.;
7281;3;Schokolade & Mama;eifersüchtig;;;;;;eifersüchtig;eifersüchtig;;;E.T.;
7281;4;weiß nicht;erschrocken;;;;;;erschrocken;erschrocken;;;E.T.;
7281;5;in Mamas Arm;glücklich;;;;;;glücklich;glücklich;;;E.T.;
7281;6;Schimmel;angeeckelt;;;;;;angeeckelt;Ekel;;;BS;3.0
7281;7;weiß nicht;super glücklich;;;;;;super glücklich;glücklich;super;;BS;2.0
7281;8;weil sie sich auf iwas draufgesetzt hat;erschrocken & ängstlich;;;;;;erschrocken;erschrocken;;;BS;2.0
7281;9;Igel;wütend;;;;;;wütend;wütend;;;E.T.;
7281;10;Auto;wütend;;;;;;wütend;wütend;;;E.T.;
7118;1;Hochwassernachrichten, die finde ich gruselig;ängstlich;;;;;;ängstlich;ängstlich;;;BS;2.0
7118;2;durchgefahren;traurig;;;;;;traurig;traurig;;;E.T.;
7118;3;Mama räumt Schokolade oben in den Schrank;traurig;;;;;;traurig;traurig;;;E.T.;
7118;4;macht ein schläfchen;besorgt;;;;;;besorgt;besorgt;;;E.T.;
7118;5;in Mutters Armen;sicher, geborgen;;;;;;geborgen;geborgen;;;E.T.;
7118;6;Schimmel;traurig;;;;;;traurig;traurig;;;E.T.;
7118;7;für seinen Geburtstag;freut sich;;;;;;freut sich;Freude;;;BS;2.0
7118;8;weil es ihm peinlich ist;peinlich;;;;;;peinlich;peinlich;;;E.T.;
7118;9;Igel;wütend;;;;;;wütend;wütend;;;E.T.;
7118;10;Auto;wütend;;;;;;wütend;wütend;;;E.T.;
1273;1;Monsterfilm;er hat Angst;;;;;;Angst;ängstlich;;;E.T.;
1273;2;er ist kaputt;er ist traurig;;;;;;traurig;traurig;;;E.T.;
1273;3;Schokolade;er fühlt sich fröhlich;;;;;;fröhlich;fröhlich;;;E.T.;
1273;4;sie spielt nicht mehr;hat Angst, dass sie krank ist;;;;;;Angst;ängstlich;;;E.T.;
1273;5;auf den Armen seiner Mutter;er ist fröhlich;;;;;;fröhlich;fröhlich;;;E.T.;
1273;6;er ist verschimmelt;nicht schön;;er wollte es essen;;;;nicht schön;negativ;;;BS;2.0
1273;7;zum Geburtstag;schön;;fröhlich;;;;fröhlich;fröhlich;;;BS;2.0
1273;8;weil seine Hose offen ist;die anderen lachen über ihn;;bisschen traurig;;;;bisschen traurig;traurig;bisschen;;E.T.;
1273;9;den Igel;sauer;;;;;;sauer;sauer;;;E.T.;
1273;10;Lego;nicht schön;;nicht schön;;;;nicht schön;negativ;;;BS;2.0
7674;1;Monsterfilm;er hat Angst;;;;;;Angst;ängstlich;;;E.T.;
7674;2;auf der Straße verloren + Auto ist drüber gefahren;traurig;;;;;;traurig;traurig;;;E.T.;
7674;3;Schokolade;traurig;;;;;;traurig;traurig;;;E.T.;
7674;4;will nicht mehr spielen;traurig;;;;;;traurig;traurig;;;E.T.;
7674;5;im Arm seiner Mama;glücklich;;;;;;glücklich;glücklich;;;E.T.;
7674;6;Fleck Schimmel ;traurig;;;;;;traurig;traurig;;;E.T.;
7674;7;weil sein Geburtstag ist;glücklich;;;;;;glücklich;glücklich;;;E.T.;
7674;8;weil seine Hose offen ist;ich weiß es nicht;;;;;;99;99;;;BS;3.0
7674;9;ein Igel;traurig;;;;;;traurig;traurig;;;E.T.;
7674;10;Legomodell auf dem Kasten;traurig;;;;;;traurig;traurig;;;E.T.;
3240;1;Monsterfilm;ängstlich;;;;;;ängstlich;ängstlich;;;E.T.;
3240;2;kaputt;traurig;;;;;;traurig;traurig;;;E.T.;
3240;3;Mama Schokolade ins Regal räumen;-;;;;;;99;99;;;BS;3.0
3240;4;will nicht mehr spielen;traurig;;;;;;traurig;traurig;;;E.T.;
3240;5;im Arm der Mutter;fröhlich;;;;;;fröhlich;fröhlich;;;E.T.;
3240;6;Schimmel;ekelt sich;;;;;;ekelt sich;Ekel;;;E.T.;
3240;7;Geburtstag;fröhlich;;;;;;fröhlich;fröhlich;;;E.T.;
3240;8;Hose offen;-;;;;;;99;99;;;BS;3.0
3240;9;Igel;sauer;;;;;;sauer;sauer;;;E.T.;
3240;10;Legoauto;sauer;;;;;;sauer;sauer;;;E.T.;
984;1;Gruselfilm;Angst;;;;;Kind unmotiviert;Angst;ängstlich;;;E.T.;
984;2;kaputtgegangen;traurig;;;;;;traurig;traurig;;;E.T.;
984;3;Schokoladentafel;schlau;;nein;gut;;;gut;positiv;;;E.T.;
984;4;will nicht spielen;traurig;;;;;;traurig;traurig;;;E.T.;
984;5;im Arm seiner Mutter;geschätzt;;;;;;99;99;;;BS;3.0
984;6;Schimmel ;nicht so gut;;nein;;;;nicht so gut;negativ;so;nicht;BS;2.0
984;7;Geburtstag;gut, weil findet es schön fröhlich;;;;;;fröhlich;fröhlich;;;BS;2.0
984;8;denkt, andere habens gesehen;peinlich;;;;;;peinlich;peinlich;;;E.T.;
984;9;Igel;nicht so gut;;nicht so richtig;;;;nicht so gut;negativ;so;nicht;BS;2.0
984;10;ein Legoauto auf dem Karton ;nicht so gut, weil er immer wieder scheitert, das nervt;;;;;;nervt;genervt;;;BS;2.0
5679;1;Monsterfilm;Angst;;;;;;Angst;ängstlich;;;E.T.;
5679;2;LKW hat ihn überfahren;traurig;;;;;;traurig;traurig;;;E.T.;
5679;3;Schokolade;Freude;;;;;;Freude;Freude;;;E.T.;
5679;4;?;traurig;;;;;;traurig;traurig;;;E.T.;
5679;5;auf Schoß;entspannend;;;;;;entspannend;entspannt;;;BS;3.0
5679;6;Schimmel;traurig;;;;;;traurig;traurig;;;E.T.;
5679;7;?;sie freut sich;;;;;;freut sich;Freude;;;BS;2.0
5679;8;weil ihre Hose offen ist;traurig;;;;;;traurig;traurig;;;E.T.;
5679;9;Igel;traurig;;;;;;traurig;traurig;;;E.T.;
5679;10;Spielzeug;traurig;;;;;;traurig;traurig;;;E.T.;
473;1;Monsterfilm;gruselig;;;;;;gruselig;Grusel;;;E.T.;
473;2;überfahren;traurig;;;;;;traurig;traurig;;;E.T.;
473;3;Schokolade ;glücklich;;;;;;glücklich;glücklich;;;E.T.;
473;4;bekommt bestimmt Junge;traurig oder besorgt;;;;besorgt;;besorgt;besorgt;;;BS;2.0
473;5;im Mamas Arm;glücklich;;;;;;glücklich;glücklich;;;E.T.;
473;6;Schimmel;traurig;;;;;;traurig;traurig;;;E.T.;
473;7;Geburtstag;glücklich;;;;;;glücklich;glücklich;;;E.T.;
473;8;Hose auf;unglücklich;;;;;;unglücklich;unglücklich;;;BS;2.0
473;9;Igel;böse;;;;;;böse;negativ;;;E.T.;
473;10;Modell;traurig;;;;;;traurig;traurig;;;E.T.;
7549;1;gruseligen Film;zittert vor Angst;;;hat Angst;;;Angst;ängstlich;;;E.T.;
7549;2;sie holt ihn oder wirft es weg;traurig;;;;;;traurig;traurig;;;E.T.;
7549;3;weil ihre Mama die Schokolade ins obere Fach legt;sie möchte es auch haben;;;;;;99;99;;;BS;3.0
7549;4;sie ist alt;traurig;;;;;;traurig;traurig;;;E.T.;
7549;5;auf den Arm von ihrer Mama;fröhlich;;;;;;fröhlich;fröhlich;;;E.T.;
7549;6;Schimmel;mag es nicht mehr;;;weiß ich nicht;;;99;99;;;BS;3.0
7549;7;zum Geburtstag;fröhlich;;;;;;fröhlich;fröhlich;;;E.T.;
7549;8;weil andere Kinder sehen, dass ihre Hose offen steht;hoffentlich sieht es kein anderer;;;schnell hochziehen;;;99;99;;;BS;3.0
7549;9;den Igel;traurig;;;;;;traurig;traurig;;;E.T.;
7549;10;ein Spielzeugauto;findet das Spielzeug doof;;;weiß nicht;;;doof;negativ;;;E.T.;
6081;1;mit ein Monster;Angst;;;;;;Angst;ängstlich;;;E.T.;
6081;2;hat ihn runterfallen lassen  -> Laster drüber -> ganz kaputt;traurig ;;;;;;traurig;traurig;;;E.T.;
6081;3;die Tafel Schokolade;fröhlich;;;;;;fröhlich;fröhlich;;;E.T.;
6081;4;will nicht mehr spielen, [da? den?];traurig;;;;;;traurig;traurig;;;E.T.;
6081;5;kuschelt mit + weiß, dass nix passieren kann;fröhlich;;;;;;fröhlich;fröhlich;;;E.T.;
6081;6;gebrennt;igitt, verekelt;;;;;;verekelt;Ekel;;;E.T.;
6081;7;weil sie Geburtstag hat;fröhlich;;;;;;fröhlich;fröhlich;;;E.T.;
6081;8;weil seine Hose auf ist;traurig;;;;;;traurig;traurig;;;E.T.;
6081;9;Igel;wütend;;;;;;wütend;wütend;;;E.T.;
6081;10;gleiche Sache wie auf dem Modell;wütend;;;;;;wütend;wütend;;;E.T.;
3584;1;mit Monster;Angst;;;;;;Angst;ängstlich;;;E.T.;
3584;2;überfahren;traurig;;;;;;traurig;traurig;;;E.T.;
3584;3;Schokolade;hypnotisiert von der Schokolade;;;muss wach machen;;;99;99;;;BS;3.0
3584;4;schläft nur;erschrocken;;;;;;erschrocken;erschrocken;;;E.T.;
3584;5;auf seiner Mama;gut;;weil bei Mama;;;;gut;positiv;;;E.T.;
3584;6;Schimmel;traurig;;;;;;traurig;traurig;;;E.T.;
3584;7;Geburtstag;fröhlich;;;;;;fröhlich;fröhlich;;;E.T.;
3584;8;alle würden ihn auslachen;peinlich;;;;;;peinlich;peinlich;;;E.T.;
3584;9;Igel;wütend;;;;;;wütend;wütend;;;E.T.;
3584;10;Legospielzeug gelingt nicht;enttäuscht;;;;;;enttäuscht;enttäuscht;;;E.T.;
6227;1;Monsterfilm;bisschen Angst;;;;;;bisschen Angst;ängstlich;bisschen;;E.T.;
6227;2;wurde überfahren + kaputt;traurig;;;;;;traurig;traurig;;;E.T.;
6227;3;Tafel Schokolade;gierig;;;;;;gierig;begierig;;;E.T.;
6227;4;will nicht mehr spielen;traurig;;;;;;traurig;traurig;;;E.T.;
6227;5;bei ihrer Mutter;schön;;freut sich;;;;freut sich;Freude;;;BS;2.0
6227;6;Schimmel;"""bäh, ich will das nicht haben""";;;voll eklig;;;eklig;Ekel;;;E.T.;
6227;7;hat Geburtstag;schön, freut sich;;;;;;freut sich;Freude;;;BS;2.0
6227;8;weil Hofe offen;ist unangenehm;;;"""hoffentlich habens die anderen nicht gesehen""";;;unangenehm;negativ;;;BS;2.0
6227;9;Igel;"""oh Mist, ich wollte doch..""";;;Freundin sagen, mach mal leise;;;99;99;;;BS;3.0
6227;10;das Auto auf der Schachtel ;ärgerlich;;;;;;ärgerlich;Ärger;;;E.T.;
9762;1;Monster;ängstlich;;;;;;ängstlich;ängstlich;;;E.T.;
9762;2;überfahren;traurig;;;;;;traurig;traurig;;;E.T.;
9762;3;wo Mama es hinräumt;glücklich;;;;;;glücklich;glücklich;;;E.T.;
9762;4;vielleicht krank;traurig;;;;;;traurig;traurig;;;E.T.;
9762;5;auf ihrem Bauch von der Mutter;glücklich;;;;;;glücklich;glücklich;;;E.T.;
9762;6;Schimmel;traurig;;;;;;traurig;traurig;;;E.T.;
9762;7;Geburtstag;freut sich;;;;;;freut sich;Freude;;;BS;2.0
9762;8;Hose offen;traurig;;;;;;traurig;traurig;;;E.T.;
9762;9;Igel;Angst;;;;;;Angst;ängstlich;;;E.T.;
9762;10;ein Auto;traurig;;;;;;traurig;traurig;;;E.T.;
2656;1;weiß nicht;glücklich;;;;;;glücklich;glücklich;;;E.T.;
2656;2;kaputt;traurig;;;;;;traurig;traurig;;;E.T.;
2656;3;weiß nicht;weiß nicht;;;;;;99;99;;;BS;3.0
2656;4;abgehauen;traurig;;;;;;traurig;traurig;;;E.T.;
2656;5;im Bett;lachen;;;;;;99;99;;;BS;3.0
2656;6;Erdbeeren;glücklich;;;;;;glücklich;glücklich;;;E.T.;
2656;7;zum Geburtstag;glücklich;;;;;;glücklich;glücklich;;;E.T.;
2656;8;weil ihr Freund da ist;glücklich;;;;;;glücklich;glücklich;;;E.T.;
2656;9;Pferd;glücklich;;;;;;glücklich;glücklich;;;E.T.;
2656;10;Haus;traurig;;;;;;traurig;traurig;;;E.T.;
3167;1;Monsterfilm;allein;;;traurig, ängstlich;ängstlich;;ängstlich;ängstlich;;;BS;2.0
3167;2;kaputtgegangen;erschrocken;;;;;;erschrocken;erschrocken;;;E.T.;
3167;3;Schokolade;hungrig;;;will man was zu essen;;;99;99;;;BS;3.0
3167;4;spielt nicht mehr;traurig;;;;;;traurig;traurig;;;E.T.;
3167;5;im Arm von ihrer Mama;glücklich;;;;;;glücklich;glücklich;;;E.T.;
3167;6;Schimmel;traurig;;;;;;traurig;traurig;;;E.T.;
3167;7;Geburtstag hat;glücklich;;;;;;glücklich;glücklich;;;E.T.;
3167;8;Hose offen;peinlich;;;;;;peinlich;peinlich;;;E.T.;
3167;9;Igel;sauer;;;;;;sauer;sauer;;;E.T.;
3167;10;ihr Legomodell;sauer;;;;;;sauer;sauer;;;E.T.;
9932;1;Gruselfilm;Angst;;;;;;Angst;ängstlich;;;E.T.;
9932;2;Auto darübergefahren;traurig;;;;;;traurig;traurig;;;E.T.;
9932;3;ob sie Schokolade holen kann;weiß nicht;;;;;;99;99;;;BS;3.0
9932;4;Katze einfach müde;macht sich Sorgen;;;;;;Sorgen;besorgt;;;E.T.;
9932;5;im Mamas Arm;freudig;;;;;;freudig;Freude;;;E.T.;
9932;6;ein verschimmeltes Stück;traurig, wütend;;;;wütend;;wütend;wütend;;;BS;2.0
9932;7;Geburtstag;freudig, aufgeregt;;;;freudig;;freudig;Freude;;;BS;2.0
9932;8;Hose offen;nicht so besonders;;/;;;;nicht so;negativ ;;;E.T.;
9932;9;Igel;wütend;;;;;;wütend;wütend;;;E.T.;
9932;10;Auto;wütend;;;;;;wütend;wütend;;;E.T.;
2617;1;Monsterfilm;bisschen ängstlich;;;;;;bisschen ängstlich;ängstlich;bisschen;;E.T.;
2617;2;überfahren;traurig;;;;;;traurig;traurig;;;E.T.;
2617;3;wie ihre Mama Schokolade in den Schrank legt;weiß ich nicht;;;;;;99;99;;;BS;3.0
2617;4;will nicht mehr spielen;traurig;;;;;;traurig;traurig;;;E.T.;
2617;5;Schoß von ihrer Mama;gut;;möchte nicht genauer beschreiben;;;;gut;positiv;;;E.T.;
2617;6;großen Fleck Schimmel;bisschen traurig;;;;;;bisschen traurig;traurig;bisschen;;E.T.;
2617;7;zum Geburtstag;gut;;;;;;gut;positiv;;;E.T.;
2617;8;weil Hose offen ist;bisschen erschrocken;;;;;;bisschen erschrocken;erschrocken;bisschen;;E.T.;
2617;9;Igel;bisschen sauer;;;;;;bisschen sauer;sauer;bisschen;;E.T.;
2617;10;was auf der Packung drauf ist;traurig;;;;;;traurig;traurig;;;E.T.;
1067;1;Monsterfilm;hat Angst;;;;;;Angst;ängstlich;;;E.T.;
1067;2;überfahren worden;sauer auf den Lastwagen ;;;;;;sauer;sauer;;;E.T.;
1067;3;sie räumt Schokolade aus Einkaufswagen ganz oben in den Schrank;fröhlich;;;;;;fröhlich;fröhlich;;;E.T.;
1067;4;Katze spielt nicht mehr;traurig;;;;;;traurig;traurig;;;E.T.;
1067;5;im Arm von seiner Mama;schön;;;;;;schön;positiv;;;E.T.;
1067;6;Fleck Schimmel ;sauer;;;;;;sauer;sauer;;;E.T.;
1067;7;sein Geburtstag;froh;;;;;;froh;froh;;;E.T.;
1067;8;er schämt sich;nicht gut, er wollte nicht, dass Hose offen ist;;;;;;schämt sich;Scham;;;BS;2.0
1067;9;Igel;sauer auf den Freund;;;;;;sauer;sauer;;;E.T.;
1067;10;Fahrzeug, da fehlen Teile (z.B. Räder);sauer;;;;;;sauer;sauer;;;E.T.;
2939;1;gruseliger Film;ängstlich;;;;;;ängstlich;ängstlich;;;E.T.;
2939;2;er hat Abdrücke von einem Reifen, aber sie könnte ihn in die Waschmaschine stecken;traurig;;;;;;traurig;traurig;;;E.T.;
2939;3;Mama macht die Schokolade ins Regal;glücklich, weil sie denkt die ist für sie allein;;;;;;glücklich;glücklich;;;E.T.;
2939;4;liegt ganz platt im Körbchen, man soll zum Tierarzt gehen;komisch;;;;;;99;99;;;BS;3.0
2939;5;in Mamas Armen;glücklich;;;;;;glücklich;glücklich;;;E.T.;
2939;6;Schimmel, darf man nicht essen;eklig;;;;;;eklig;Ekel;;;E.T.;
2939;7;weil sie Geburtstag hatte;gut, sehr glücklich;;;;;;sehr glücklich;glücklich;sehr;;BS;2.0
2939;8;ihre Hose war offen, vielleicht hat sie vergessen eine Unterhose anzuziehen;unglücklich;;;;;;unglücklich;unglücklich;;;BS;2.0
2939;9;Tierfoto, Igel;doof;;;;;;doof;negativ;;;E.T.;
2939;10;das Auto, weil sie die Anleitung nicht hat;nicht toll;;traurig, ärgerlich, wütend;;ärgerlich;;ärgerlich;Ärger;;;BS;2.0
9567;1;Monsterfilm;ängstlich;;;;;;ängstlich;ängstlich;;;E.T.;
9567;2;kaputt gegangen;traurig;;;;;;traurig;traurig;;;E.T.;
9567;3;wie Mama Schokolade in Schrank tut;fröhlich;;;;;;fröhlich;fröhlich;;;E.T.;
9567;4;Müde;schade;;;;;;99;99;;;BS;3.0
9567;5;Arm von Mama;wohl;;;;;;wohl;positiv;;;E.T.;
9567;6;Schimmel ;eckelhaft;;;;;;eckelhaft;Ekel;;;BS;3.0
9567;7;zum Geburtstag;fröhlich;;;;;;fröhlich;fröhlich;;;E.T.;
9567;8;weil Hose offen war;peinlich;;;;;;peinlich;peinlich;;;E.T.;
9567;9;Igel;gemein;;;;;;99;99;;;BS;3.0
9567;10;Legoauto;Schade, gemein;;;;;;99;99;;;BS;3.0
7372;1;dass ein Monster unter ihrem Bett ist;Angst;;;;;;Angst;ängstlich;;;E.T.;
7372;2;der wurde angefahren;traurig;;;;;;traurig;traurig;;;E.T.;
7372;3;dass sie eine Schokolade oben reinlegt;schön;;toll;;;;schön;positiv;;;BS;2.0
7372;4;sie denkt, dass sie krank wird;traurig;;;;;;traurig;traurig;;;E.T.;
7372;5;in den Armen von ihrer Mama;schön;;gut;;;;schön;positiv;;;BS;2.0
7372;6;was verschimmeltes;schlecht;;traurig;;;;traurig;traurig;;;BS;2.0
7372;7;weil sie Geburtstag hat;toll;;schön;;;;toll;positiv;;;BS;2.0
7372;8;weil ihre Hose offen ist;komisch;;schlecht;;;;schlecht;negativ;;;E.T.;
7372;9;den Igel;wütend;;;;;;wütend;wütend;;;E.T.;
7372;10;Lego-Auto;doof;;schlecht;;;;doof;negativ;;;BS;2.0
1820;1;Monster;ängstlich;;;;;;ängstlich;ängstlich;;;E.T.;
1820;2;kaputt;traurig;;;;;;traurig;traurig;;;E.T.;
1820;3;dass die Schokolade da drin ist;freut sich;;;;;;freut sich;Freude;;;BS;2.0
1820;4;will seit 2 Tagen nicht mehr spielen;traurig;;;;;;traurig;traurig;;;E.T.;
1820;5;ist in den Armen seiner Mutter;glücklich;;;;;;glücklich;glücklich;;;E.T.;
1820;6;Kuchen weggeschmissen;traurig, weil er keinen Kuchen hat;;;;;;traurig;traurig;;;E.T.;
1820;7;weil er krank ist/Geburtstag hat;freut sich;;;;;;freut sich;Freude;;;BS;2.0
1820;8;weil seine Hose offen steht;Angst;;;;;;Angst;ängstlich;;;E.T.;
1820;9;Igel;wütend, weil der Igel weg ist und der Freund doof ist;;;;;;wütend;wütend;;;BS;2.0
1820;10;Legomodell;traurig;;;;;;traurig;traurig;;;E.T.;
5998;1;Monster;Angst;;;;;;Angst;ängstlich;;;E.T.;
5998;2;wieder ganz;wieder gut;;;;;;gut;positiv;;;E.T.;
5998;3;Schokolade;Schokolade;;;;;;99;99;;;BS;3.0
5998;4;ist tot;langweilig;;;;;;langweilig;langweilig;;;E.T.;
5998;5;auf Mamas Schoß;warm;;;;;;99;99;;;BS;3.0
5998;6;Kerze;traurig;;;;;;traurig;traurig;;;E.T.;
5998;7;dass er damit spielen;er fühlt sich wohl;;;;;;wohl;positiv;;;E.T.;
5998;8;weil Hose runtergerutscht ist;traurig;;;;;;traurig;traurig;;;E.T.;
5998;9;Igel;traurig;;;;;;traurig;traurig;;;E.T.;
5998;10;Modelleisenbahn;traurig;;;;;;traurig;traurig;;;E.T.;
3285;1;Monster-Film;ängstlich;;;;;;ängstlich;ängstlich;;;E.T.;
3285;2;kaputt gegangen;traurig;;;;;;traurig;traurig;;;E.T.;
3285;3;dass die Schokolade in den Schrank gelegt wurde;weiß nicht;weiß nicht;;;;;99;99;;;BS;3.0
3285;4;will nicht mehr spielen;ängstlich;;;;;;ängstlich;ängstlich;;;E.T.;
3285;5;im Arm der Mama;glücklich;;;;;;glücklich;glücklich;;;E.T.;
3285;6;Schimmel;geekelt;;;;;;geekelt;Ekel;;;E.T.;
3285;7;Geburtstag;fröhlich;;;;;;fröhlich;fröhlich;;;E.T.;
3285;8;weil es ihm peinlich ist, dass die Hose offen ist;schämt sich;;;;;;peinlich;peinlich;;;BS;2.0
3285;9;Igel;wütend;;;;;;wütend;wütend;;;E.T.;
3285;10;Auto auf der Schachtel;wütend ;;;;;;wütend;wütend;;;E.T.;
8222;1;ein Gespensterfilm;ängstlich;;;;;;ängstlich;ängstlich;;;E.T.;
8222;2;er ist kaputt gegangen;traurig;;;;;;traurig;traurig;;;E.T.;
8222;3;wie Mama die Schokolade wegräumt;sauer;;;;;;sauer;sauer;;;E.T.;
8222;4;sie ist müde;sorgen;;;;;;Sorgen;besorgt;;;E.T.;
8222;5;in dem Schoß;kuschelig;;;;;;99;99;;;BS;3.0
8222;6;Schimmel;traurig;;;;;;traurig;traurig;;;E.T.;
8222;7;weil er Geburtstag hat;fröhlich;;;;;;fröhlich;fröhlich;;;E.T.;
8222;8;weil seine Hosse offen ist;er macht sich sorgen, dass jemand das gesehen hat;;;;;;Sorgen;besorgt;;;E.T.;
8222;9;den Igel;sauer;;;;;;sauer;sauer;;;E.T.;
8222;10;das Auto;sauer;;;;;;sauer;sauer;;;E.T.;
2586;1;Monsterfilm;Angst;;;;;;Angst;ängstlich;;;E.T.;
2586;2;Laster drübergefahren;traurig;;;;;;traurig;traurig;;;E.T.;
2586;3;Mutter räumt Schoko in Schrank;kann man nicht sagen;;;;;;99;99;;;BS;3.0
2586;4;will nicht mehr spielen;traurig;;;;;;traurig;traurig;;;E.T.;
2586;5;bei Mutter;gut;;;;;;gut;positiv;;;E.T.;
2586;6;Schimmel ;traurig, weil sie Kuchen nicht essen kann;;;;;;traurig;traurig;;;E.T.;
2586;7;Geburtstag;freut sich;;;;;;freut sich;Freude;;;BS;2.0
2586;8;weil ihre Hose offen ist;fühlt sich nicht schön & peinlich;;;;;;peinlich;peinlich;;;BS;2.0
2586;9;Igel;ich weiß nicht;;;;;;99;99;;;BS;3.0
2586;10;Spielzeugauto;blöd;;;;;;blöd;negativ;;;E.T.;
2613;1;Mit Monstern;ängstlich;;;;;;ängstlich;ängstlich;;;E.T.;
2613;2;kaputt;sehr traurig;;;;;;sehr traurig;traurig;sehr;;E.T.;
2613;3;Mutter hat Schokolade in den Schrank getan;hungrig;;;;;;99;99;;;BS;3.0
2613;4;Katze will nicht immer spielen. Katzen schlafen lieber und spielen nicht immer;sehr traurig;;;;;;sehr traurig;traurig;sehr;;E.T.;
2613;5;Schoß von ihrer Mama;glücklich;;;;;;glücklich;glücklich;;;E.T.;
2613;6;Schimmel;traurig, ekelig;;;;;;ekelig;Ekel;;;BS;2.0
2613;7;sie hat Geburtstag ;glücklich, sie freut sich;;;;;;freut sich;Freude;;;BS;2.0
2613;8;es ist peinlich;peinlich, erschrocken;;;;;;peinlich;peinlich;;;BS;2.0
2613;9;Igel;wütend;;;;;;wütend;wütend;;;E.T.;
2613;10;das eine Auto;sehr wütend;;;;;;sehr wütend;wütend;sehr;;E.T.;
5332;1;einen gruseligen Film;er hat Angst;;;;;;Angst;ängstlich;;;E.T.;
5332;2;er lag dann auf der Straße und wurde vom Laster überfahren;er ist traurig;;;;;;traurig;traurig;;;E.T.;
5332;3;die Tafel Schokolade;er möchte unbedingt diese Tafel Schokolade haben;;;gierig;;;gierig;begierig;;;E.T.;
5332;4;sie schläft nur;er hat Angst, dass seine Katze krank ist;;;;;;Angst;ängstlich;;;E.T.;
5332;5;in den Armen seiner Mutter;sicher;;;dass einem nichts passieren kann;;;99;99;;;BS;3.0
5332;6;einen großen Fleck Schimmel;traurig;;;;;;traurig;traurig;;;E.T.;
5332;7;zum Geburtstag;er freut sich über dieses tolle Geschenk;;;;;;freut sich;Freude;;;BS;2.0
5332;8;weil er Angst hat, dass jemand ihn sieht;weiß ich nicht so genau;;;;;;Angst;ängstlich;;;BS;2.0
5332;9;den Igel;er ist traurig, dass er ihn nicht fotografieren konnte;;;;;;traurig;traurig;;;E.T.;
5332;10;das Bild dass auf der Packung ist;er ärgert sich;;;;;;ärgert sich;Ärger ;;;E.T.;
5876;1;Monsterfilm;traurig oder sie hat Angst;;;;;;Angst;ängstlich;;;BS;2.0
5876;2;kaputt;traurig;;;;;;traurig;traurig;;;E.T.;
5876;3;Lecker;fröhlich;;;;;;fröhlich;fröhlich;;;E.T.;
5876;4;krank;weiß nicht;;;;;;99;99;;;BS;3.0
5876;5;Mamas Arm;weiß ich nicht;;;;;;99;99;;;BS;3.0
5876;6;Kerze;schlecht;;sauer;;;;sauer;sauer;;;BS;2.0
5876;7;weil Weihnachten ist der Geburtstag;weiß nicht;;;;;;99;99;;;BS;3.0
5876;8;weil Hose auf ist;weiß ich nicht;;;;;;99;99;;;BS;3.0
5876;9;den Igel;sauer;;;;;;sauer;sauer;;;E.T.;
5876;10;den LKW;traurig;;;;;;traurig;traurig;;;E.T.;
3435;1;Monsterfilm;ängstlich, Angst;;;;;;ängstlich;ängstlich;;;BS;2.0
3435;2;Auto darüber + kaputt;traurig;;;;;;traurig;traurig;;;E.T.;
3435;3;Schokolade;weiß nicht;;;;;;99;99;;;BS;3.0
3435;4;wn., krank;traurig;;;;;2x Frage gestellt;traurig;traurig;;;E.T.;
3435;5;im Arm;toll;;weil in Mamas Arm;;;;toll;positiv;;;E.T.;
3435;6;Schimmel;traurig;;;;;2x Frage gestellt;traurig;traurig;;;E.T.;
3435;7;Geburtstag;toll;;fröhlich;;;;fröhlich;fröhlich;;;BS;2.0
3435;8;Hose offen;weiß nicht;;;;;;99;99;;;BS;3.0
3435;9;Igel;traurig;;;;;;traurig;traurig;;;E.T.;
3435;10;Spielzeug;nicht gut;;?;;;;nicht gut;negativ;;;BS;2.0
1625;1;Gruselfilm;ängstlich;;;;;;ängstlich;ängstlich;;;E.T.;
1625;2;nicht kaputt gegangen;traurig;;;;;;traurig;traurig;;;E.T.;
1625;3;wie die Schokolade reingemacht wird;fröhlich;;;;;;fröhlich;fröhlich;;;E.T.;
1625;4;einfach nur müde;ängstlich;;;;;;ängstlich;ängstlich;;;E.T.;
1625;5;im Arm;fröhlich;;;;;;fröhlich;fröhlich;;;E.T.;
1625;6;Fleck Schimmel ;weiß nicht;;;;;;99;99;;;BS;3.0
1625;7;was von Lidl?;fröhlich;;;;;;fröhlich;fröhlich;;;E.T.;
1625;8;Hose offen;ängstlich;;;;;;ängstlich;ängstlich;;;E.T.;
1625;9;Igel;wütend;;;;;;wütend;wütend;;;E.T.;
1625;10;Legoauto;traurig;;;;;;traurig;traurig;;;E.T.;
8816;1;Gruseligen;ängstlich;;;;;;ängstlich;ängstlich;;;E.T.;
8816;2;kaputt;traurig;;;;;;traurig;traurig;;;E.T.;
8816;3;wie Mama Schoko in Schrank legt;froh;;;;;;froh;froh;;;E.T.;
8816;4;hat keine Lust zum Spielen;traurig;;;;;;traurig;traurig;;;BS;2.0
8816;5;im Schoß seiner Mutter;froh;;;;;;froh;froh;;;E.T.;
8816;6;Eine Kerze;? weiß nicht;;;;;;99;99;;;BS;3.0
8816;7;zum Geburtstag;froh;;;;;;froh;froh;;;E.T.;
8816;8;weil er de Kerze anzünden darf;traurig;;;;;;traurig;traurig;;;E.T.;
8816;9;Igel;wütend;;;;;;wütend;wütend;;;E.T.;
8816;10;sein Legomodell;wütend;;;;;;wütend;wütend;;;E.T.;
9444;1;einen gruseligen;ängstlich;;;;;;ängstlich;ängstlich;;;E.T.;
9444;2;ist kaputt;nicht gut;;traurig;;;;traurig;traurig;;;BS;2.0
9444;3;wie Mama Schokolade in den Kühlschrank räumt;traurig;;;;;;traurig;traurig;;;E.T.;
9444;4;krank;nicht gut;;weiß nicht;;;;nicht gut;negativ;;;BS;2.0
9444;5;bei der Mama;wuselig;;sicher;;;;99;99;;;BS;3.0
9444;6;Schimmel;traurig;;;;;;traurig;traurig;;;E.T.;
9444;7;weil sie Geburtstag hat;fröhlich;;;;;;fröhlich;fröhlich;;;E.T.;
9444;8;weil sie sich ängstlich fühlt;ängstlich;;;;;;ängstlich;ängstlich;;;E.T.;
9444;9;Igel;wütend;;;;;;wütend;wütend;;;E.T.;
9444;10;das, was auf der Schachtel war;nicht gut;;weiß nicht;;;;nicht gut;negativ;;;BS;2.0
5481;1;Gruselfilm;nicht glücklich;;;;;;nicht glücklich;negativ;;;BS;2.0
5481;2;kaputt;schlecht;;;;;;schlecht;negativ;;;E.T.;
5481;3;weiß nicht;?;;;;;;99;99;;;BS;3.0
5481;4;weiß nicht;weiß nicht;;;;;;99;99;;;BS;3.0
5481;5;auf der Mama;weiß nicht;;;;;;99;99;;;BS;3.0
5481;6;Kerze;Bäh;;;;;;99;99;;;BS;3.0
5481;7;Geburtstag;nicht gut;;;;;;nicht gut;negativ;;;BS;2.0
5481;8;weiß nicht;weiß nicht;;;;;;99;99;;;BS;3.0
5481;9;Igel;weiß nicht;;;;;;99;99;;;BS;3.0
5481;10;Legoauto;weiß nicht;;;;;;99;99;;;BS;3.0
1031;1;Monsterfilm;ängstlich;;;;;;ängstlich;ängstlich;;;E.T.;
1031;2;kaputtgegangen;traurig;;;;;;traurig;traurig;;;E.T.;
1031;3;Schokolade;froh;;;;;;froh;froh;;;E.T.;
1031;4;mag nicht mehr spielen;traurig;;;;;;traurig;traurig;;;E.T.;
1031;5;in Mamas Arm;froh;;;;;;froh;froh;;;E.T.;
1031;6;Schimmel;weiß nicht;;;;;;99;99;;;BS;3.0
1031;7;hat Geburtstag;froh;;;;;;froh;froh;;;E.T.;
1031;8;Hose kaputt gegangen;traurig;;;;;;traurig;traurig;;;E.T.;
1031;9;Igel;traurig;;;;;;traurig;traurig;;;E.T.;
1031;10;ein Auto;genervt;;;;;;genervt;genervt;;;E.T.;
4500;1;über Monster;ängstlich;;;;;;ängstlich;ängstlich;;;E.T.;
4500;2;kaputtgegangen;traurig;;;;;;traurig;traurig;;;E.T.;
4500;3;Wie Mama ein Tafel Schoko... ganz oben in den Schrank tut;fröhlich;;;;;;fröhlich;fröhlich;;;E.T.;
4500;4;will nicht mehr spielen;traurig;;;;;;traurig;traurig;;;E.T.;
4500;5;im Arm von ihrer Mutter;fröhlich;;;;;;fröhlich;fröhlich;;;E.T.;
4500;6;einen Schimmelfleck;sauer;;;;;;sauer;sauer;;;E.T.;
4500;7;zu ihrem Geburtstag;fröhlich;;;;;;fröhlich;fröhlich;;;E.T.;
4500;8;weil ihre Hose offen ist;ängstlich;;;;;;ängstlich;ängstlich;;;E.T.;
4500;9;einen Igel;sauer;;;;;;sauer;sauer;;;E.T.;
4500;10;ein Spielzeugmodell, was auf der Schachtel war;wütend ;;;;;;wütend;wütend;;;E.T.;
3103;1;ein Monsterfilm;ängstlich;;;;;;ängstlich;ängstlich;;;E.T.;
3103;2;der wurde plattgefahren + jetzt ist er kaputt;traurig;;;;;;traurig;traurig;;;E.T.;
3103;3;dass seine Mama Schokol. in den Schrank packt;glücklich;;;;;;glücklich;glücklich;;;E.T.;
3103;4;sie will seit 2 Tagen nicht mehr spielen;traurig;;;;;;traurig;traurig;;;E.T.;
3103;5;im Arm seiner Mutter;gut;;gut;;;;gut;positiv;;;E.T.;
3103;6;ein großes Stück Schimmel;dass man es nicht mag;;;;;;99;99;;;BS;3.0
3103;7;weil er Geburtstag hat;glücklich;;;;;;glücklich;glücklich;;;E.T.;
3103;8;weil seine Hose offen steht;gar nicht gut;;;;;;nicht gut;negativ;;;BS;2.0
3103;9;ein Stacheltier;gar nicht gut;;;;;;nicht gut;negativ;;;BS;2.0
3103;10;das Modell auf der Schachtel;wütend;;;;;;wütend;wütend;;;E.T.;
6168;1;weiß nicht -> weiß nicht --> Monster;Angst;;;;;"2x; Kind hört keinen Ton --> nochmal abgespielt";Angst;ängstlich;;;E.T.;
6168;2;Auto überfahren;traurig;;;;;;traurig;traurig;;;E.T.;
6168;3;Schokolade;hungrig;;;weiß nicht;;;99;99;;;BS;3.0
6168;4;will nicht mehr spielen;weiß nicht;;;;;ab da funktioniert alles;99;99;;;BS;3.0
6168;5;bei seiner Mutter;weiß nicht;;;;;;99;99;;;BS;3.0
6168;6;Schimmel ;schimmelig;;;eklig;;;eklig;Ekel;;;E.T.;
6168;7;Geburtstag;gut;;geschenkreich;;;;gut;positiv;;;E.T.;
6168;8;Hose steht offen;Angst, traurig, wütend;;;;Angst;;Angst;ängstlich;;;BS;2.0
6168;9;Igel;weiß nicht;;;;;;99;99;;;BS;3.0
6168;10;Sein Spielzeug;Spielzeugmäßig, Spielzeugfußend;;;;;;99;99;;;BS;3.0
4542;1;Gruselfilm;gruselig;;;;;;gruselig;Grusel;;;E.T.;
4542;2;ist auf die Straße gefallen + überfahren von LKW;traurig;;;;;;traurig;traurig;;;E.T.;
4542;3;die Tafel Schokolade;hungrig;;/;;;;99;99;;;BS;3.0
4542;4;will nicht mehr spielen + sich ausruhen;schlecht;;/;;;;schlecht;negativ;;;E.T.;
4542;5;bei seiner Mutter;gut;;/;;;;gut;positiv;;;E.T.;
4542;6;Schimmel;schlecht;;/;;;;schlecht;negativ;;;E.T.;
4542;7;zu seinem Geburtstag;gut;;/;;;;gut;positiv;;;E.T.;
4542;8;weil seine Hose aufgeplatzt ist;schlecht;;/;;;;schlecht;negativ;;;E.T.;
4542;9;Igel;sauer;;;;;;sauer;sauer;;;E.T.;
4542;10;ein Spielzeugauto;betrogen;;/;;;;99;99;;;BS;3.0
8405;1;Monster;ängstlich;;;;;;ängstlich;ängstlich;;;E.T.;
8405;2;ist kaputt;traurig;;;;;;traurig;traurig;;;E.T.;
8405;3;die Schokolade;möchte Schoko unbedingt haben;;;aufgeregt;;;aufgeregt;aufgeregt;;;E.T.;
8405;4;möchte nicht mehr spielen;traurig;;;;;;traurig;traurig;;;E.T.;
8405;5;auf Mamas Schoß;fröhlich;;;;;;fröhlich;fröhlich;;;E.T.;
8405;6;Schimmel ;traurig;;;;;;traurig;traurig;;;E.T.;
8405;7;Geburtstag;fröhlich;;;;;;fröhlich;fröhlich;;;E.T.;
8405;8;ihre Hose offen;Schämlich;;;;;;schämlich;Scham;;;E.T.;
8405;9;Igel;wütend + traurig;;;;wütend;;wütend;wütend;;;BS;2.0
8405;10;das, was auf der Schachtel war;wütend + traurig;;;;wütend;;wütend;wütend;;;BS;2.0
6737;1;Monster-Film;schlecht;;er hat Angst;;;;Angst;ängstlich;;;BS;2.0
6737;2;er ist auf die Straße gefallen;traurig;;;;;;traurig;traurig;;;E.T.;
6737;3;die Schokolade;gut;;er will die Schokolade heben;weiß ich nicht ;;;gut;positiv;;;E.T.;
6737;4;sie schläft nur;er hat Angst;;;;;;Angst;ängstlich;;;E.T.;
6737;5;auf Mamas Schoß;gut;;es kann ihm keiner weh tun;weiß nicht;;;gut;positiv;;;E.T.;
6737;6;riesen Fleck Schimmel;schlecht;;weiß nicht;;;;schlecht;negativ;;;E.T.;
6737;7;weiß nicht;weiß nicht;weiß nicht;;;;2x;99;99;;;BS;3.0
6737;8;-;-;;;;;"Pause; Abbruch, Kind hat keine Lust mehr";99;99;;;BS;3.0
6737;9;-;-;;;;;;99;99;;;BS;3.0
6737;10;-;-;;;;;;99;99;;;BS;3.0
6444;1;gruseliger Film;ängstlich;;;;;;ängstlich;ängstlich;;;E.T.;
6444;2;Laster hat ihn überfahren;traurig;;;;;;traurig;traurig;;;E.T.;
6444;3;Mutter räumt Schokolade in den Schrank ;glücklich;;;;;;glücklich;glücklich;;;E.T.;
6444;4;will schlafen;nachdenklich;;schlecht;nicht sehr wohl;;;schlecht;negativ;;;BS;2.0
6444;5;bei ihrer Mama;gut;;toll;glücklich;;;glücklich;glücklich;;;BS;2.0
6444;6;Schimmel;schlecht;;nicht gut;;;;schlecht;negativ;;;BS;2.0
6444;7;zum Geburtstag;glücklich;;;;;;glücklich;glücklich;;;E.T.;
6444;8;weil ihre Hose offen ist;nicht so gut;;schlecht;;;;nicht so gut;negativ;so;nicht;BS;2.0
6444;9;einen Igel;wütend;;;;;;wütend;wütend;;;E.T.;
6444;10;bekommt ein Modell nicht hin;schlecht;;gut;;;;schlecht;negativ;;;BS;2.0
644;1;Gruselfilm;ängstlich;;;;;;ängstlich;ängstlich;;;E.T.;
644;2;überfahren;traurig;;;;;;traurig;traurig;;;E.T.;
644;3;Schokolade;aufgeregt;;;;;;aufgeregt;aufgeregt;;;E.T.;
644;4;schläft einfach nur;nicht sicher;;als würde ich an etwas denken, das nicht zu denken ist;als würde man verrückt;;;99;99;;;BS;3.0
644;5;im Schoss ihrer Mama;schön;;freut sich;;;;freut sich;Freude;;;BS;2.0
644;6;Schimmel;eklig;;;;;;eklig;Ekel;;;E.T.;
644;7;weiß nicht -> Geburtstag;fröhlich;;;;;2x ;fröhlich;fröhlich;;;E.T.;
644;8;Hose offen;peinlich;;;;;;peinlich;peinlich;;;E.T.;
644;9;Igel;wütend;;;;;;wütend;wütend;;;E.T.;
644;10;Legoauto;nicht gut;;wütend;;;;wütend;wütend;;;BS;2.0
3519;1;Gruselfilm;hat Angst;;;;;;Angst;ängstlich;;;E.T.;
3519;2;er ist kaputt;traurig;;;;;;traurig;traurig;;;E.T.;
3519;3;die Schokolade;fröhlich, aufgeregt;;;;;;aufgeregt;aufgeregt;;;BS;2.0
3519;4;hat eine Maus gefressen;nicht so gut, ich weiß nicht genau wie ich das sagen soll;;;;;;99;99;;;BS;2.0
3519;5;auf dem Schoß seiner Mutter;wohl, sicher;;;;;;wohl;positiv;;;E.T.;
3519;6;Schimmel;nicht so;;;;;;nicht so;negativ ;;;E.T.;
3519;7;weil er Geburtstag hat;froh;;;;;;froh;froh;;;E.T.;
3519;8;weil seine Hose offen ist;peinlich;;;;;;peinlich;peinlich;;;E.T.;
3519;9;den Igel;gemein, wütend;;;;;;wütend;wütend;;;E.T.;
3519;10;ein Spielzeugauto;doof;;;;;;doof;negativ;;;E.T.;
8996;1;mit einem Monster;Angst haben;;;;;;Angst;ängstlich;;;E.T.;
8996;2;kaputt, Laster hat platt gefahren;traurig;;;;;;traurig;traurig;;;E.T.;
8996;3;Schokoladentafel;glücklich;;;;;;glücklich;glücklich;;;E.T.;
8996;4;will seit 2 Tagen nicht spielen;angst, traurig;;;;;;Angst;ängstlich;;;BS;2.0
8996;5;im Arm ihrer Mutter;beschützt, glücklich;;;;;;glücklich;glücklich;;;E.T.;
8996;6;Schimmel;Ekel;;;;;;Ekel;Ekel;;;E.T.;
8996;7;Geburtstag;glücklich;;;;;;glücklich;glücklich;;;E.T.;
8996;8;wenn es jemand gesehen hat;sie schämt sich;;;;;;schämt sich;Scham;;;BS;2.0
8996;9;Igel;wütend;;;;;;wütend;wütend;;;E.T.;
8996;10;was auf der Packung drauf ist;sauer, traurig;;;;;;sauer;sauer;;;BS;2.0
1551;1;Monster-Film;Angst;;;;;Mutter mit im Raum;Angst;ängstlich;;;E.T.;
1551;2;ist ihr runtergefallen;Angst;;;;;;Angst;ängstlich;;;E.T.;
1551;3;hat eine Tafel Schokolade gesehen;freut sich;;;;;;freut sich;Freude;;;BS;2.0
1551;4;will nicht mehr spielen;macht sich Sorgen;;;;;;Sorgen;besorgt;;;E.T.;
1551;5;in Mamas Arm;mag die Mama;fühlt sich gut;nein;;;;gut;positiv;;;E.T.;
1551;6;Schimmel;nicht gut;;kann nicht genauer beschreiben;;;;nicht gut;negativ;;;BS;2.0
1551;7;hat Geburtstag;fröhlich;;;;;;fröhlich;fröhlich;;;E.T.;
1551;8;weil ihre Hose offen war;Angst;;;;;;Angst;ängstlich;;;E.T.;
1551;9;den Igel;böse;;;;;;böse;negativ;;;E.T.;
1551;10;was auf der Schachtel ist;böse;;;;;;böse;negativ;;;E.T.;
7470;1;Monster;ängstlich;;;;;;ängstlich;ängstlich;;;E.T.;
7470;2;überfahren;traurig;;;;;;traurig;traurig;;;E.T.;
7470;3;Mama Schokolade auspackt;gut;;;;;;gut;positiv;;;E.T.;
7470;4;nicht mit ihr spielen;nicht so gut;;;;;;nicht so gut;negativ;so;nicht;BS;2.0
7470;5;im Arm;gut;;;;;;gut;positiv;;;E.T.;
7470;6;Schimmel;ekelig;;;;;;ekelig;Ekel;;;E.T.;
7470;7;Geburtstag;sehr gut;;;;;;sehr gut;positiv;sehr;;E.T.;
7470;8;Hose offen;nicht so;;;;;;nicht so;negativ ;;;E.T.;
7470;9;Igel;sauer;;;;;;sauer;sauer;;;E.T.;
7470;10;Fahrzeug;nicht gut;;;;;;nicht gut;negativ;;;BS;2.0
997;1;Monsterflm;hat Angst;;;;;;Angst;ängstlich;;;E.T.;
997;2;der Laster ist drüber gefahren;traurig;;;;;;traurig;traurig;;;E.T.;
997;3;die Schokolade;ich mag die haben, geb mir die sofort runter;;;;;;99;99;;;BS;3.0
997;4;die ist müde;traurig;;;;;;traurig;traurig;;;E.T.;
997;5;bei Mama auf dem Schoß;Freude;;;;;;Freude;Freude;;;E.T.;
997;6;der ist schimmelig;bäh;;;;;2 geschaut;99;99;;;BS;3.0
997;7;Zum Geburtstag ;Freude;;;;;;Freude;Freude;;;E.T.;
997;8;ich habs nicht gehört;weiß nicht;;;;;2x gesehen;99;99;;;BS;3.0
997;9;Igel;wütend;;;;;2x;wütend;wütend;;;E.T.;
997;10;das Auto;traurig;;;;;2x;traurig;traurig;;;E.T.;
2474;1;Gruselfim;das Kind hat Angst;;;;;;Angst;ängstlich;;;E.T.;
2474;2;da kam ein Laster und hat ihren Teddy überfahren;traurig;;;;;;traurig;traurig;;;E.T.;
2474;3;dass ihre Mama Schokolade eingekauft hat;er möchte die Schokolade unbedingt haben, fröhlich und will die Schokolade essen;;;;;;fröhlich;fröhlich;;;E.T.;
2474;4;die Katze spielt nicht;besorgt;;;;;;besorgt;besorgt;;;E.T.;
2474;5;bei ihrer Mama;fröhlich;;;;;;fröhlich;fröhlich;;;E.T.;
2474;6;was stinkendes;ob sie es essen soll oder nicht;;;nicht essen;;;99;99;;;BS;3.0
2474;7;zu ihrem Geburtstag;schön, fröhlich;;;;;;fröhlich;fröhlich;;;BS;2.0
2474;8;weil es (die Kerze anzünden) nicht so geklappt hat ;ein bisschen sauer;;;;;;ein bisschen sauer;sauer;ein bisschen;;BS;2.0
2474;9;die wollt von dem Igel ein Foto machen;traurig, dass sie den Igel nicht fotografieren kann;;;;;;traurig;traurig;;;E.T.;
2474;10;das (Spielzeug)auto;sauer, dass sie es nicht geschafft hat;;;;;;sauer;sauer;;;E.T.;
6963;1;Monsterfilm;hat große Angst;;;;;;Angst;ängstlich;;;E.T.;
6963;2;kaputt gegangen;ganz traurig;;;;;;ganz traurig;traurig;ganz;;E.T.;
6963;3;Schokolade;freut sich;;;;;;freut sich;Freude;;;BS;2.0
6963;4;vielleicht krank;verzweifelt;;;;;;verzweifelt;verzweifelt;;;E.T.;
6963;5;In Armen von Mutter;ist ganz froh;;;;;;ganz froh;froh;ganz;;E.T.;
6963;6;Schimmel;ekelt sich;;;;;;ekelt sich;Ekel;;;E.T.;
6963;7;Geburtstag;ganz fröhlich;;;;;;ganz fröhlich;fröhlich;ganz;;E.T.;
6963;8;Offene Hose;Angst;;;;;;Angst;ängstlich;;;E.T.;
6963;9;Igel;wütend auf Freund;;;;;;wütend;wütend;;;E.T.;
6963;10;Das aus Schachtel, Auto;wütend, weil ers nicht bauen kann;;;;;;wütend;wütend;;;E.T.;
2361;1;Monsterfilm;ängstlich;;;;;;ängstlich;ängstlich;;;E.T.;
2361;2;wurde von LKW überfahren;traurig;;;;;;traurig;traurig;;;E.T.;
2361;3;Schokolade;fröhlich;;;;;;fröhlich;fröhlich;;;E.T.;
2361;4;möchte Mäuse fangen, Ruhe haben;traurig;;;;;;traurig;traurig;;;E.T.;
2361;5;Arm von Mama;fröhlich;;;;;;fröhlich;fröhlich;;;E.T.;
2361;6;Schimmel;beleidigt;;;;;;99;99;;;BS;3.0
2361;7;Geburtstag;fröhlich;;;;;;fröhlich;fröhlich;;;E.T.;
2361;8;weil er Angst hat, dass jemand seine Hose sieht;ängstlich;;;;;;Angst;ängstlich;;;BS;2.0
2361;9;Igel;wütend;;;;;;wütend;wütend;;;E.T.;
2361;10;Legomodell;sauer;;;;;;sauer;sauer;;;E.T.;
6848;1;Monsterfilm;ängstlich;;;;;;ängstlich;ängstlich;;;E.T.;
6848;2;wurde überfahren;traurig;;;;;;traurig;traurig;;;E.T.;
6848;3;Tafel Schokolade;-;;;;;;99;99;;;BS;3.0
6848;4;will nicht mehr spielen;traurig;;;;;;traurig;traurig;;;E.T.;
6848;5;Arm der Mutter;fröhlich;;;;;;fröhlich;fröhlich;;;E.T.;
6848;6;Schimmel;Ekel;;;;;;Ekel;Ekel;;;E.T.;
6848;7;zum Geburtstag;fröhlich, Freude;;;;;;Freude;Freude;;;BS;2.0
6848;8;Hose offen;-;;;;;;99;99;;;BS;3.0
6848;9;Igel;ärgert sich, böse;;;;;;ärgert sich;Ärger ;;;BS;2.0
6848;10;Spielzeug;wütend;;;;;;wütend;wütend;;;E.T.;
7242;1;mit Monster;ängstlich;;;;;;ängstlich;ängstlich;;;E.T.;
7242;2;runtergefallen->LWK->platt;traurig;;;;;;traurig;traurig;;;E.T.;
7242;3;Schokolade;gut;;weil er Schokolade will;aufregend;;;aufregend;aufgeregt;;;BS;2.0
7242;4;spielt lange nicht;ängstlich;;;;;;ängstlich;ängstlich;;;E.T.;
7242;5;auf Schoß von Mama;fühl sich sicher;;;;;;99;99;;;BS;3.0
7242;6;Schimmel;eklig;;;;;;eklig;Ekel;;;E.T.;
7242;7;Geburtstag;überraschend;;;;;;überraschend;Überraschung;;;BS;3.0
7242;8;Hose offen;keine Ahnung;;;;;;99;99;;;BS;3.0
7242;9;Igel;unfair;;;;;;99;99;;;BS;3.0
7242;10;Ein Spielzeug;schlecht ;;wolle unbedingt, macht, klappt nicht;wütend;;;schlecht;negativ;;;BS;2.0
7215;1;den mit dem Monster;ängstlich;;;;;;ängstlich;ängstlich;;;E.T.;
7215;2;ist unterm Auto + kaputt;traurig;;;;;;traurig;traurig;;;E.T.;
7215;3;dass ihre Mutter eine Tafel Schokolade in Schrank nimmt;/;;;;;;99;99;;;BS;3.0
7215;4;will nicht mehr mit ihr spielen;nicht gut;;/;;;;nicht gut;negativ;;;BS;2.0
7215;5;im Arm;toll;;/;;;;toll;positiv;;;E.T.;
7215;6;Schimmel;nicht gut;;/;;;;nicht gut;negativ;;;BS;2.0
7215;7;von ihrer Freundin;gut;;toll;;;kurze Unterbrechung, weil Tablet umgekippt;gut;positiv;;;BS;2.0
7215;8;weil ihre Hose offen ist;nicht gut;;/;;;;nicht gut;negativ;;;BS;2.0
7215;9;den Igel;nicht gut;;/;;;Unterbrechung: Kind geht auf's Klo 4 Min;nicht gut;negativ;;;BS;2.0
7215;10;das Auto auf dem Karton;nicht gut;;/;;;;nicht gut;negativ;;;BS;2.0
1676;1;Film von Monster;hat Angst;;;;;;Angst;ängstlich;;;E.T.;
1676;2;auf Straße gefallen und Laster drüber gefahren;er ist traurig;;;;;;traurig;traurig;;;E.T.;
1676;3;wie die Mama die Schokolade hat; traurig;;;;;;traurig;traurig;;;E.T.;
1676;4;vielleicht krank oder hat etwas ;traurig um ihre Katze;;;;;;traurig;traurig;;;E.T.;
1676;5;Schoß von ihrer Mama;glücklich;;;;;;glücklich;glücklich;;;E.T.;
1676;6;Schimmel;Uäh, sie will ihn nicht;;;;;;99;99;;;BS;3.0
1676;7;hat vielleicht Geburtstag/ besonderer Tag;glücklich;;;;;;glücklich;glücklich;;;E.T.;
1676;8;es ist ihr ein bisschen peinlich;peinlich, hat Angst, dass andere sie sehen;;;;peinlich;;peinlich;peinlich;;;BS;2.0
1676;9;den Igel;böse, weil die Freundin ihn einfach weggejagt hat;;;;;;böse;negativ;;;E.T.;
1676;10;das Spielzeugmodell;ärgerlich, dass sie das nicht konnte;;;;;;ärgerlich;Ärger;;;E.T.;
5916;1;Monster-Film;ängstlich;;;;;;ängstlich;ängstlich;;;E.T.;
5916;2;er ist kaputt und überfahren;traurig;;;;;;traurig;traurig;;;E.T.;
5916;3;Kartoffeln;fröhlich;;;;;;fröhlich;fröhlich;;;E.T.;
5916;4;die will nur schlafen;nicht gut;;nicht gut;traurig;;;traurig;traurig;;;BS;2.0
5916;5;auf seiner Mama;fröhlich;;;;;;fröhlich;fröhlich;;;E.T.;
5916;6;Kerze;weiß ich nicht;;;fröhlich;;;fröhlich;fröhlich;;;E.T.;
5916;7;zum Geburtstag;fröhlich;;;;;;fröhlich;fröhlich;;;E.T.;
5916;8;weil er Angst hat, dass irgendjemand hinsieht;ängstlich;;;;;;Angst;ängstlich;;;BS;2.0
5916;9;den Igel;traurig;;;;;;traurig;traurig;;;E.T.;
5916;10;sein Auto;böse;;;;;;böse;negativ;;;E.T.;
7455;1;über Monster;ängstlich;;;;;;ängstlich;ängstlich;;;E.T.;
7455;2;ist überfahren worden;traurig;;;;;;traurig;traurig;;;E.T.;
7455;3;die Schokolade;neidisch;;;;;;neidisch;neidisch;;;E.T.;
7455;4;will nicht mehr spielen;traurig,ängstlich;;;;;keine Notiz dazu, welches Gefühl am stärksten;traurig;traurig;;;BS;2.0
7455;5;im Arm von der Mama;froh;;;;;;froh;froh;;;E.T.;
7455;6;Schimmel;wütend;;;;;;wütend;wütend;;;E.T.;
7455;7;weil sie Geburtstag hat;fröhlich;;;;;;fröhlich;fröhlich;;;E.T.;
7455;8;weil ihre Hose offen ist;ängstlich;;;;;;ängstlich;ängstlich;;;E.T.;
7455;9;den igel;wütend;;;;;;wütend;wütend;;;E.T.;
7455;10;das Auto;wütend;;;;;;wütend;wütend;;;E.T.;
1039;1;Monsterfilm;traurig;;;;;;traurig;traurig;;;E.T.;
1039;2;ist überfahren worden;traurig;;;;;;traurig;traurig;;;E.T.;
1039;3;die Schokolade;ärgerlich;;;;;;ärgerlich;Ärger;;;E.T.;
1039;4;die ist krank;traurig;;;;;;traurig;traurig;;;E.T.;
1039;5;im Arm;gut;;;;;;gut;positiv;;;E.T.;
1039;6;Riss;ärgerlich;;;;;;ärgerlich;Ärger;;;E.T.;
1039;7;von seiner Mutter;gut;;;;;;gut;positiv;;;E.T.;
1039;8;weil die Hose offen ist;schlecht;;;;;;schlecht;negativ;;;E.T.;
1039;9;Igel;traurig;;;;;;traurig;traurig;;;E.T.;
1039;10;Bild auf dem Karton;traurig;;;;;;traurig;traurig;;;E.T.;
3612;1;Monsterfilm;ganz ängstlich;;;;;;ganz ängstlich;ängstlich;ganz;;E.T.;
3612;2;hat ihr Teddy verloren;ganz traurig;;;;;;ganz traurig;traurig;ganz;;E.T.;
3612;3;die Schokolade;sehr glücklich;;;;;;sehr glücklich;glücklich;sehr;;E.T.;
3612;4;sie hat seit 2 Tagen nicht gespielt;ganz traurig/ besorgt;;;;traurig;;besorgt;besorgt;;;BS;2.0
3612;5;im Arm der Mutter;ganz glücklich;;;;;;ganz glücklich;glücklich;ganz;;E.T.;
3612;6;ein Schimmel;ganz traurig;;;;;;ganz traurig;traurig;ganz;;E.T.;
3612;7;als Dank vom Freund zum Geburtstag;ganz überrascht;;;;;;ganz überrascht;Überraschung;ganz;;E.T.;
3612;8;weil ihre Hose aufgerissen ist;ganz peinlich/ traurig;;;;traurig;;ganz peinlich;peinlich;ganz;;BS;2.0
3612;9;einen Igel;ganz wütend;;;;;;ganz wütend;wütend;ganz;;E.T.;
3612;10;einen Turm;ganz wütend/ ganz traurig;;;;traurig;;ganz wütend;wütend;ganz;;BS;2.0
5890;1;Monsterfilm;Angst;;;;;;Angst;ängstlich;;;E.T.;
5890;2;hat sich gerammt;traurig;;;;;;traurig;traurig;;;E.T.;
5890;3;Schokolade;toll, freut sich;;;;;;freut sich;Freude;;;BS;2.0
5890;4;ist krank;traurig;;;;;;traurig;traurig;;;E.T.;
5890;5;auf seiner Mutter;toll;;nee;;;;toll;positiv;;;E.T.;
5890;6;riesiges Stück Schimmel;iih,traurig;;;;;;traurig;traurig;;;E.T.;
5890;7;Geburtstag;toll;;nein;;;;toll;positiv;;;E.T.;
5890;8;weil die Hose runtergerutscht ist;doof;;nein;;;;doof;negativ;;;E.T.;
5890;9;den Igel;sauer;;;;;;sauer;sauer;;;E.T.;
5890;10;das Lego;sauer;;;;;;sauer;sauer;;;E.T.;
3506;1;Monsterfilm;Angst;;;;;;Angst;ängstlich;;;E.T.;
3506;2;kaputt gegangen, weil Kipplaster drüber gefahren;traurig;;;;;;traurig;traurig;;;E.T.;
3506;3;die Schokolade;hungrig;;riesigen Hunger;;;;99;99;;;BS;3.0
3506;4;will nicht mehr spielen;macht sich Sorgen;;;;;;Sorgen;besorgt;;;E.T.;
3506;5;im Arm von ihrer Mutter;fröhlich;;;;;;fröhlich;fröhlich;;;E.T.;
3506;6;Schimmel;eklig;;;;;;eklig;Ekel;;;E.T.;
3506;7;Geburtstag;fröhlich;;;;;;fröhlich;fröhlich;;;E.T.;
3506;8;weil ihre Hose offen ist;"""hoffentlich hat das keiner gesehen""";;;weiß nicht;;;99;99;;;BS;3.0
3506;9;Igel;wütend;;;;;;wütend;wütend;;;E.T.;
3506;10;das Auto;wütend;;;;;;wütend;wütend;;;E.T.;
3724;1;Monsterfilm;hat Angst;;;;;;Angst;ängstlich;;;E.T.;
3724;2;Laster hat ihn überfahren;traurig;;;;;;traurig;traurig;;;E.T.;
3724;3;Schokoladentafel, möchte sie aufessen bis sie fett ist;fröhlich;;;;;;fröhlich;fröhlich;;;E.T.;
3724;4;schläft;besorgt;;;;;;besorgt;besorgt;;;E.T.;
3724;5;in Mamas Armen;glücklich;;;;;;glücklich;glücklich;;;E.T.;
3724;6;riesiger Schimmelfleck;ich weiß dazu grad kein Gefühl;;;;;;99;99;;;BS;3.0
3724;7;für ihren Geburtstag;glücklich;;;;;;glücklich;glücklich;;;E.T.;
3724;8;ihre Hose ist offen;hat Angst, dass es jemand gesehen hat;;;;;;Angst;ängstlich;;;E.T.;
3724;9;Igel;böse;;;;;;böse;negativ;;;E.T.;
3724;10;das Auto;wütend;;;;;;wütend;wütend;;;E.T.;
4532;1;Monsterfilm;er hat Angst;;;;;;Angst;ängstlich;;;E.T.;
4532;2;er wurde überfahren;traurig;;;;;;traurig;traurig;;;E.T.;
4532;3;die Schokoladentafel;wütend;;;;;;wütend;wütend;;;E.T.;
4532;4;sie will nicht mehr spielen;er wundert sich;;;;;;99;99;;;BS;3.0
4532;5;er kuschelt mit der Mama;sicher;;;gut, fröhlich;;;fröhlich;fröhlich;;;BS;2.0
4532;6;Schimmel;nicht gut;;ekelig;;;;ekelig;Ekel;;;BS;2.0
4532;7;weil er Geburtstag;fröhlich;;;;;;fröhlich;fröhlich;;;E.T.;
4532;8;weil seine Hosen offen steht;peinlich;;nicht gut;;;;peinlich;peinlich;;;BS;2.0
4532;9;den Igel;wütend;;;;;;wütend;wütend;;;E.T.;
4532;10;Lego-Modell;genervt;;;;;;genervt;genervt;;;E.T.;
1714;1;mit Monster;Angst;;;;;;Angst;ängstlich;;;E.T.;
1714;2;Auto darübergefahren;traurig;;;;;;traurig;traurig;;;E.T.;
1714;3;Mutter Tafel Schokolade in Schrank räumt;/;;;;;;99;99;;;BS;3.0
1714;4;spielt nicht mehr mit ihr;erschrocken, besorgt;;;;besorgt;;besorgt;besorgt;;;BS;2.0
1714;5;im Arm von Mutter;glücklich;;;;;;glücklich;glücklich;;;E.T.;
1714;6;Schimmel;ekelt sich;;;;;;ekelt sich;Ekel;;;E.T.;
1714;7;/ --> Geburtstag;glücklich;;;;;2x Frage gestellt;glücklich;glücklich;;;E.T.;
1714;8;Hose offen;/;;;;;;99;99;;;BS;3.0
1714;9;Igel;sauer;;;;;;sauer;sauer;;;E.T.;
1714;10;Bausteine Karton;sauer, wütend;;;;wütend;;wütend;wütend;;;BS;2.0
7488;1;Monsterfilm;Angst;;;;;;Angst;ängstlich;;;E.T.;
7488;2;wurde überfahren;traurig;;;;;;traurig;traurig;;;E.T.;
7488;3;?;schön, was er haben will;;;;;;schön;positiv;;;E.T.;
7488;4;spielt nicht;traurig;;;;;;traurig;traurig;;;E.T.;
7488;5;Schoß von Mama;fröhlich;;;;;;fröhlich;fröhlich;;;E.T.;
7488;6;Schimmel;ecklig;;;;;;ecklig;Ekel;;;BS;3.0
7488;7;Geburtstag;großartig;;;;;;großartig;positiv;;;E.T.;
7488;8;Weil sein Knopf offen ist;Angst;;;;;;Angst;ängstlich;;;E.T.;
7488;9;Igel;böse;;;;;;böse;negativ;;;E.T.;
7488;10;Legospielzeug;-;;;;;;99;99;;;BS;3.0
7140;1;Gruselfilm;ängstlich;;;;;;ängstlich;ängstlich;;;E.T.;
7140;2;kaputtgegangen;traurig;;;;;;traurig;traurig;;;E.T.;
7140;3;Tafel Schokolade;keine Ahnung;;;;;;99;99;;;BS;3.0
7140;4;will nur schlafen;Sorgen;;;;;2x ;Sorgen;besorgt;;;E.T.;
7140;5;Schoß Mutter;fröhlich;;;;;;fröhlich;fröhlich;;;E.T.;
7140;6;Schimmel;enttäuscht;;;;;;enttäuscht;enttäuscht;;;E.T.;
7140;7;Geburtstag;fröhlich;;;;;;fröhlich;fröhlich;;;E.T.;
7140;8;Hose kaputt;ängstlich;;;;;;ängstlich;ängstlich;;;E.T.;
7140;9;Igel;wütend;;;;;;wütend;wütend;;;E.T.;
7140;10;Fahrzeug auf Box;wütend;;;;;;wütend;wütend;;;E.T.;
1622;1;Monsterfilm;Angst;;;;;;Angst;ängstlich;;;E.T.;
1622;2;LKW drübergefahren;traurig;;;;;;traurig;traurig;;;E.T.;
1622;3;Mutter räumt Schokolade aus Einkauf;gut;;;;;;gut;positiv;;;E.T.;
1622;4;will nicht mehr spielen;Angst;;;;;;Angst;ängstlich;;;E.T.;
1622;5;im Schoß von Mutter;geborgen;;;;;;geborgen;geborgen;;;E.T.;
1622;6;großen schwarzen Fleck;angeeckelt;;;;;;angeeckelt;Ekel;;;E.T.;
1622;7;Geburtstag;fühlt sich gut;;;;;;gut;positiv;;;E.T.;
1622;8;weil seine Hose offen ist;peinlich;;;;;;peinlich;peinlich;;;E.T.;
1622;9;Igel;traurig, sauer;;;;;;sauer;sauer;;;BS;2.0
1622;10;Fahrzeug auf der Schachtel;traurig;;;;;;traurig;traurig;;;E.T.;
8236;1;ganz gruseligen Film mit Dinos;schlecht;;Angst;;;Mutter komplette Sitzung dabei;Angst;ängstlich;;;BS;2.0
8236;2;Straße liegen geblieben -> Auto drüber;schlecht;;traurig;;;;traurig;traurig;;;BS;2.0
8236;3;Schokoladentafel;fröhlich;;;;;;fröhlich;fröhlich;;;E.T.;
8236;4;macht nickerchen ;traurig;;;;;;traurig;traurig;;;E.T.;
8236;5;auf seiner Mutter;fröhlich;;;;;;fröhlich;fröhlich;;;E.T.;
8236;6;Schimmel;schlecht;;traurig;;;;traurig;traurig;;;BS;2.0
8236;7;wenn man älter wird, bekommt man immer Geschenke;freut sich;;;;;;freut sich;Freude;;;BS;2.0
8236;8;denkt, die lachen, weil Hose offen;traurig;;;;;;traurig;traurig;;;E.T.;
8236;9;einen Igel;wütend;;;;;;wütend;wütend;;;E.T.;
8236;10;vielleicht noch nicht alt genug, um das zu bauen;wütend;;;;;;wütend;wütend;;;E.T.;
1331;1;Monster;ängstlich;;;;;;ängstlich;ängstlich;;;E.T.;
1331;2;Loch haben;traurig;;;;;;traurig;traurig;;;E.T.;
1331;3;Schokoladentafel ;glücklich;;;;;;glücklich;glücklich;;;E.T.;
1331;4;ist krank;traurig;;;;;;traurig;traurig;;;E.T.;
1331;5;in den Armen ihrer Mutter;glücklich;;;;;;glücklich;glücklich;;;E.T.;
1331;6;wirft ihn weg, Schimmelfleck ;ekelhaft;;;;;;ekelhaft;Ekel;;;E.T.;
1331;7;Zum Geburtstag;glücklich;;;;;;glücklich;glücklich;;;E.T.;
1331;8;sie glaubt alle lachen sie aus;hat Angst;;;;;;Angst;ängstlich;;;E.T.;
1331;9;Igel;wütend;;;;;;wütend;wütend;;;E.T.;
1331;10;Auto;wütend;;;;;;wütend;wütend;;;E.T.;
6803;1;Monster;ganz traurig;;;;;;ganz traurig;traurig;ganz;;E.T.;
6803;2;übergefahren;wollte nicht, dass der übergefahren wurde;;;traurig;;;traurig;traurig;;;E.T.;
6803;3;die Schokolade;dass sie die Schokolade will;;;/;;;99;99;;;BS;3.0
6803;4;ist tot;ganz traurig;;;;;;ganz traurig;traurig;ganz;;E.T.;
6803;5;auf dem Schoß;ganz gut;;/;;;;ganz gut;positiv;ganz;;E.T.;
6803;6;faul;ganz wütend;;;;;;ganz wütend;wütend;ganz;;E.T.;
6803;7;von Geburtstag;ganz ganz wohl;;freuen;;;;ganz ganz wohl;positiv;ganz ganz;;E.T.;
6803;8;weil sie nicht möchte, dass jemand es sieht;ganz so traurig;;;;;;ganz so traurig;traurig;ganz so;;E.T.;
6803;9;den Igel;ganz wütend;;;;;;ganz wütend;wütend;ganz;;E.T.;
6803;10;das Auto, was da drauf ist;ganz wütend ;;;;;;ganz wütend;wütend;ganz;;E.T.;
4432;1;Monsterfilm;nicht gut;;sie hat Angst vor Monster;;;;Angst;ängstlich;;;BS;2.0
4432;2;Teddy fällt runter & ist kaputt;nicht gut;;Teddy ist verloren;;;;nicht gut;negativ;;;BS;2.0
4432;3;Mutter räumt Schokolade in Schrank;gut;;weil Schokolade im Schrank;;;;gut;positiv;;;E.T.;
4432;4;will nicht mehr spielen;nicht gut;;weil Katze nicht aufsteht;;;;nicht gut;negativ;;;BS;2.0
4432;5;auf Bauch von Mama;gut;;;;;;gut;positiv;;;E.T.;
4432;6;Schimmel;nicht gut;;;;;;nicht gut;negativ;;;BS;2.0
4432;7;von einer Freundin;gut;;;;;;gut;positiv;;;E.T.;
4432;8;Hosestall ist offen;nicht gut;;;;;;nicht gut;negativ;;;BS;2.0
4432;9;Igel;nicht gut;;;;;;nicht gut;negativ;;;BS;2.0
4432;10;Spielzeug wie auf Bild;nicht gut;;;;;;nicht gut;negativ;;;BS;2.0
7324;1;Ein Film wo jemand verkleidet ist;ängstlich;;;;;;ängstlich;ängstlich;;;E.T.;
7324;2;er wurde von einem Lastwagen überfahren;traurig;;;;;;traurig;traurig;;;E.T.;
7324;3;dass Mutter den Einkauf einräumt;hungrig;;;;;;99;99;;;BS;3.0
7324;4;sie spielt nicht mehr;traurig;;;;;;traurig;traurig;;;E.T.;
7324;5;auf Mamas Schoß;fröhlich;;;;;;fröhlich;fröhlich;;;E.T.;
7324;6;Schimmel;traurig;;;;;;traurig;traurig;;;E.T.;
7324;7;zum Geburtstag;glücklich;;;;;;glücklich;glücklich;;;E.T.;
7324;8;weil sie denkt: hoffentlich hat es keiner gesehen;traurig;;;;;;traurig;traurig;;;E.T.;
7324;9;den Igel;traurig;;;;;;traurig;traurig;;;E.T.;
7324;10;das was auf der Lego Schachtel war;traurig;;;;;;traurig;traurig;;;E.T.;
3930;1;Monsterfilm;Angst;;;;;;Angst;ängstlich;;;E.T.;
3930;2;übergefahren, ganz Wolle raus;traurig;;;;;;traurig;traurig;;;E.T.;
3930;3;Schokolade;will das gerne haben -> man könnte einen Stuhl;;;;;;99;99;;;BS;3.0
3930;4;will nur Maus fangen, findet keine;Angst;;;;;;Angst;ängstlich;;;E.T.;
3930;5;auf Mamas Schoss;fröhlich;;;;;;fröhlich;fröhlich;;;E.T.;
3930;6;Schimmel;eklig;;;;;;eklig;Ekel;;;E.T.;
3930;7;Geburtstag;freut sich;;;;;;freut sich;Freude;;;BS;2.0
3930;8;Angst, dass andere über sie lachen;Angst;;;;;;Angst;ängstlich;;;E.T.;
3930;9;Igel;böse;;;;;;böse;negativ;;;E.T.;
3930;10;Auto;sauer;;;;;;sauer;sauer;;;E.T.;
9265;1;mit einem Monster;ängstlich;;;;;;ängstlich;ängstlich;;;E.T.;
9265;2;kaputt;traurig;;;;;;traurig;traurig;;;E.T.;
9265;3;Mutter Schokolade vom Einkauf;fröhlich;;;;;;fröhlich;fröhlich;;;E.T.;
9265;4;nicht mehr spielen;nervös;;;;;;nervös;nervös;;;E.T.;
9265;5;auf der Mama;fröhlich;;;;;;fröhlich;fröhlich;;;E.T.;
9265;6;Schimmel;traurig;;;;;;traurig;traurig;;;E.T.;
9265;7;Geburtstag;fröhlich;;;;;;fröhlich;fröhlich;;;E.T.;
9265;8;Hose offen;unsicher;;;;;;99;99;;;BS;3.0
9265;9;Igel auf er Wiese;traurig;;;;;;traurig;traurig;;;E.T.;
9265;10;Model auf Legokiste;traurig;;;;;;traurig;traurig;;;E.T.;
4205;1;Monster unter Bett;schlecht;;dass das Monster es beißt;;;;schlecht;negativ;;;E.T.;
4205;2;der Lastwagen ist drüber gefahren, weil er ihn verloren hat;schlecht;;gar nicht so gut;;;;schlecht;negativ;;;BS;2.0
4205;3;die Schokolade;gut, weil er die Schokolade will;;;;;;gut;positiv;;;E.T.;
4205;4;sie spielt seit 2 Tagen nicht;schlecht;;;;;;schlecht;negativ;;;E.T.;
4205;5;im Bett;sie fühlt sich gut, weil er schlafen kann;;;;;;gut;positiv;;;E.T.;
4205;6;"das ist nicht schön, wenn man beim Essen ""igitt"" sagt, er entdeckt etwas nicht leckeres";nicht gut;;;;;;nicht gut;negativ;;;BS;2.0
4205;7;weil er Geburtstag hat;gut;;;;;;gut;positiv;;;E.T.;
4205;8;weils die Kerze angezündet hat und das dürfen die Kinder nicht. Hat Angst, dass jemand das gesehen hat;nicht so gut;;;;;;Angst;ängstlich;;;BS;2.0
4205;9;die Räuber;gut, dass er ein Foto von denen kriegt;;;;;;gut;positiv;;;E.T.;
4205;10;es wollte das bauen, wo auf dem Karton drauf war;nicht so gut;;dass es ihm ganz schlecht;;;;nicht so gut;negativ;so;nicht;BS;2.0
3875;1;Monsterfilm;weiß nicht;;;;;;99;99;;;BS;3.0
3875;2;weiß nicht;weiß nicht;;;;;;99;99;;;BS;3.0
3875;3;Schokolade;ich will das haben;;;;;;99;99;;;BS;3.0
3875;4;?;?;;;;;;99;99;;;BS;3.0
3875;5;-;weiß nicht;;;;;;99;99;;;BS;3.0
3875;6;weiß nicht;weiß nicht;;;;;;99;99;;;BS;3.0
3875;7;weiß nicht;toll;;;;;;toll;positiv;;;E.T.;
3875;8;weiß nicht;weiß nicht;;;;;;99;99;;;BS;3.0
3875;9;weiß nicht;weiß nicht;;;;;;99;99;;;BS;3.0
3875;10;weiß nicht;weiß nicht;;;;;;99;99;;;BS;3.0
5444;1;Monsterfilm;ängstlich;;;;;;ängstlich;ängstlich;;;E.T.;
5444;2;er wurde überfahren;traurig;;;;;;traurig;traurig;;;E.T.;
5444;3;Schokoladentafel;glücklich;;;;;;glücklich;glücklich;;;E.T.;
5444;4;sie hat keine Lust zu spielen;nervös;;;;;;nervös;nervös;;;BS;2.0
5444;5;Schoß von seiner Mama;glücklich;;;;;;glücklich;glücklich;;;E.T.;
5444;6;Schimmel;dass es eklig ist;;;;;;eklig;Ekel;;;E.T.;
5444;7;zu seinem Geburtstag;glücklich;;;;;;glücklich;glücklich;;;E.T.;
5444;8;er hat Angst, dass jemand sieht, dass seine Hose offen ist;nervös;;;;;;Angst;ängstlich;;;BS;2.0
5444;9;Igel;verzweifelt;;;;;;verzweifelt;verzweifelt;;;E.T.;
5444;10;Lego;wütend;;;;;;wütend;wütend;;;E.T.;
9461;1;Monster;ängstlich;;;;;;ängstlich;ängstlich;;;E.T.;
9461;2;kaputt;traurig;;;;;;traurig;traurig;;;E.T.;
9461;3;will das haben;traurig;;;;;;traurig;traurig;;;E.T.;
9461;4;krank;traurig;;;;;;traurig;traurig;;;E.T.;
9461;5;bei der Mama;gut;;gut;;;;gut;positiv;;;E.T.;
9461;6;Kerze;traurig;;;;;;traurig;traurig;;;E.T.;
9461;7;Nikolaus;toll;;weiß nicht;;;;toll;positiv;;;E.T.;
9461;8;Hose gerissen;traurig;;;;;;traurig;traurig;;;E.T.;
9461;9;Igel;wütend;;;;;;wütend;wütend;;;E.T.;
9461;10;Turm;traurig;;;;;;traurig;traurig;;;E.T.;
7266;1;gruselig;sie hat Angst;;;;;;Angst;ängstlich;;;BS;2.0
7266;2;kaputt;traurig;;;;;;traurig;traurig;;;E.T.;
7266;3;Mama räumt Schokolade in Schrank;-;;;;;;99;99;;;BS;3.0
7266;4;sie denkt, dass sie krank ist;nicht gut;;;;;;nicht gut;negativ;;;BS;2.0
7266;5;im Arm von ihrer Mama;-;;;;;;99;99;;;BS;3.0
7266;6;Schimmel;Ekel;;;;;;Ekel;Ekel;;;E.T.;
7266;7;sie hat Geburtstag ;toll;;;;;;toll;positiv;;;E.T.;
7266;8;die Hose ist offen;komisch;;;;;;99;99;;;BS;3.0
7266;9;Igel;-;;;;;;99;99;;;BS;3.0
7266;10;Auto;-;;;;;;99;99;;;BS;3.0
3229;1;Monster;Angst;;;;;;Angst;ängstlich;;;E.T.;
3229;2;kaputt gegangen;traurig;;;;;;traurig;traurig;;;E.T.;
3229;3;Mutter packt Einkauf aus, will Schokolade;kann nicht warten;;;aufgeregt;;;aufgeregt;aufgeregt;;;E.T.;
3229;4;krank;nicht gut;;traurig;;;;traurig;traurig;;;BS;2.0
3229;5;im Arm ihrer Mutter;glücklich;;;;;;glücklich;glücklich;;;E.T.;
3229;6;Schimmel;eklig;;;;;;eklig;Ekel;;;E.T.;
3229;7;hat Geburtstag;freut sich;;;;;;freut sich;Freude;;;BS;2.0
3229;8;hat Kerze angezündet;fühlt sich peinlich;;;;;;peinlich;peinlich;;;E.T.;
3229;9;Igel;sauer;;;;;;sauer;sauer;;;E.T.;
3229;10;Auto;traurig;;;;;;traurig;traurig;;;E.T.;
3261;1;Über Monster;ängstlich;;;;;;ängstlich;ängstlich;;;E.T.;
3261;2;Auto drübergefahren;traurig;;;;;;traurig;traurig;;;E.T.;
3261;3;Mutter Tafel Schoko in Schrank;will Schoko unbedingt haben;;;fühlt sich entschlossen;;;99;99;;;BS;3.0
3261;4;will nicht mehr spielen;traurig;;;;;;traurig;traurig;;;E.T.;
3261;5;im Arm der Mutter;glücklich;;;;;;glücklich;glücklich;;;E.T.;
3261;6;Schimmel;angewidert ;;;;;;angewidert;angewidert;;;E.T.;
3261;7;hat Geburtstag;toll;;nein;;;;toll;positiv;;;E.T.;
3261;8;Hose steht offen;Angst;;;;;;Angst;ängstlich;;;E.T.;
3261;9;Igel;sauer;;;;;;sauer;sauer;;;E.T.;
3261;10;Legomodellauto;doof;;will unbedingt haben/machen;nervös;;;nervös;nervös;;;BS;2.0
1297;1;Monsterfilm;ängstlich;;;;;;ängstlich;ängstlich;;;E.T.;
1297;2;Straße gefallen;traurig;;;;;;traurig;traurig;;;E.T.;
1297;3;Mutter Schokolade ;aufgeregt;;;;;;aufgeregt;aufgeregt;;;E.T.;
1297;4;seit Tagen nicht spielen;hofft, dass Katze gesund;;;weiß nicht;;;hofft;Hoffnung;;;E.T.;
1297;5;Schoß Mama;sicher;;;;;;99;99;;;BS;3.0
1297;6;Schimmel;weiß nicht;;;;;;99;99;;;BS;3.0
1297;7;Geburtstag;fröhlich;;;;;;fröhlich;fröhlich;;;E.T.;
1297;8;weil sie peinlich ist;schlecht ;;hofft, dass es keiner entdeckt;unwohl;;Kind hat Emotion schon bei der Wissensfrage genannt + schien verwirrt, dass ich nochmal nach Gefühl frage;peinlich;peinlich;;;BS;2.0
1297;9;Igel;grantig;;;;;;grantig;grantig;;;BS;3.0
1297;10;Spielzeugfahrzeug;traurig;;;;;;traurig;traurig;;;E.T.;
1256;1;Monster;Angst;;;;;;Angst;ängstlich;;;E.T.;
1256;2;wude überfahren;traurig;;;;;;traurig;traurig;;;E.T.;
1256;3;wie Mama ausgepackt hat;fröhlich;;;;;;fröhlich;fröhlich;;;E.T.;
1256;4;bestimmt krank ;traurig;;;;;;traurig;traurig;;;E.T.;
1256;5;auf der Mama, Schoss;sicher;;;;;;99;99;;;BS;3.0
1256;6;Fleck Schimmel ;traurig;;;;;;traurig;traurig;;;E.T.;
1256;7;für die Schule ;fröhlich;;;;;;fröhlich;fröhlich;;;E.T.;
1256;8;weil es blöd ist, wenn ein andere etwas sieht, was er nicht darf;traurig;;;;;;traurig;traurig;;;BS;2.0
1256;9;den Igel;traurig;;;;;;traurig;traurig;;;E.T.;
1256;10;Modell;sauer;;;;;;sauer;sauer;;;E.T.;
8186;1;mit einem Monster;ängstlich;;;;;;ängstlich;ängstlich;;;E.T.;
8186;2;wurde überfahren;traurig;;;;;;traurig;traurig;;;E.T.;
8186;3;Schokolade;neugierig;;;;;;neugierig;neugierig;;;BS;2.0
8186;4;ruht sich aus oder ist krank;ängstlich;;;;;;ängstlich;ängstlich;;;E.T.;
8186;5;in den Armen von seiner Mama;sicher und fröhlich;;;;sicher;;fröhlich;fröhlich;;;E.T.;
8186;6;Stück Schimmel;Ekel;;;;;;Ekel;Ekel;;;E.T.;
8186;7;zum Geburtstag, zu Weihnachten;fröhlich + überrascht;;;;fröhlich;;fröhlich;fröhlich;;;BS;2.0
8186;8;weil der ängstlich ist;ängstlich;;;;;;ängstlich;ängstlich;;;E.T.;
8186;9;den Igel;wütend + gemein;;;;wütend;;wütend;wütend;;;E.T.;
8186;10;ein Legoauto;enttäuscht +wütend;;;;enttäuscht;;enttäuscht;enttäuscht;;;BS;2.0
2667;1;Monsterfilm;weiß ich nicht;;;sie ist traurig;;;traurig;traurig;;;E.T.;
2667;2;der wurde überfahren;die ist traurig über ihren Teddy;;;;;;traurig;traurig;;;E.T.;
2667;3;die Schokolade;unbewohnt;;schlecht;;;;schlecht;negativ;;;E.T.;
2667;4;die ist krank;die findet das ein bisschen traurig;;;;;;ein bisschen traurig;traurig;ein bisschen;;E.T.;
2667;5;auf ihrer Mama;gut;;einfach gut;;;;gut;positiv;;;E.T.;
2667;6;eine Kerze;weiß ich nicht so genau;;;nicht gut;;;nicht gut;negativ;;;BS;2.0
2667;7;wegen ihrem Geburtstag;schön findet sie das;;gut;;;;gut;positiv;;;BS;2.0
2667;8;wegen ihre Hose verbrannt war;nicht schön;;;;;;nicht schön;negativ;;;BS;2.0
2667;9;den igel;unbewohnt;;;;;;99;99;;;BS;3.0
2667;10;Das Modell;sauer;;;;;;sauer;sauer;;;E.T.;
5589;1;Monsterfilm;Angst;;;;;;Angst;ängstlich;;;E.T.;
5589;2;auf die Straße gefallen, überfahren, kaputt;traurig;;;;;;traurig;traurig;;;E.T.;
5589;3;wie Mama eine Schokolade in Schrank gelegt;Appetit;;;gefreut;;;gefreut;Freude;;;BS;2.0
5589;4;Katze ist vielleicht krank;traurig;;;;;;traurig;traurig;;;E.T.;
5589;5;auf Mamas Schoß;glücklich;;;;;;glücklich;glücklich;;;E.T.;
5589;6;Schimmel;eklig;;;;;;eklig;Ekel;;;E.T.;
5589;7;hatte Geburtstag;hat sich gefreut;;;;;;gefreut;Freude;;;BS;2.0
5589;8;weil die Hose kaputt war;hatte Angst, dass sie jemand sieht;;;;;;Angst;ängstlich;;;E.T.;
5589;9;Igel;ganz doll sauer;;;;;;ganz doll sauer;sauer;ganz doll;;BS;2.0
5589;10;das Lego-Modell;sauer und enttäuscht;;;;eher enttäuscht;;enttäuscht;enttäuscht;;;BS;2.0
2691;1;mit Monstern;traurig;;;;;;traurig;traurig;;;E.T.;
2691;2;er ist kaputt gegangen;traurig;;;;;;traurig;traurig;;;E.T.;
2691;3;die Schokolade;aufgeregt;;;;;;aufgeregt;aufgeregt;;;E.T.;
2691;4;sie ist krank;traurig;;;;;;traurig;traurig;;;E.T.;
2691;5;auf ihrer Mama;fröhlich;;;;;;fröhlich;fröhlich;;;E.T.;
2691;6;Schimmel;eklig;;;;;;eklig;Ekel;;;E.T.;
2691;7;von ihrer Mama;fröhlich;;;;;;fröhlich;fröhlich;;;E.T.;
2691;8;weil die Hose offen war;traurig;;;;;;traurig;traurig;;;E.T.;
2691;9;den Igel;traurig;;;;;;traurig;traurig;;;E.T.;
2691;10;das Auto;traurig;;;;;;traurig;traurig;;;E.T.;
6992;1;Monsterfilm;hat Angst;;;;;"Kind sagt auch auf Nachfrage nichts außer ""gut""";Angst;ängstlich;;;E.T.;
6992;2;auf die Straße gefallen;traurig;;;;;;traurig;traurig;;;E.T.;
6992;3;Seine Mama tut eine Tafel Schokolade in den Schrank + will sie essen, aber er kommt nicht ran;gut;;;;;;gut;positiv;;;E.T.;
6992;4;will seit 2 Tagen nicht spielen;nicht gut;;;;;;nicht gut;negativ;;;BS;2.0
6992;5;in den Armen von seiner Mama;gut;;;;;;gut;positiv;;;E.T.;
6992;6;"ein Schimmel, sagt: ""Igitt!""";gut;;;;;;gut;positiv;;;E.T.;
6992;7;weil er Geburtstag hat;gut;;;;;;gut;positiv;;;E.T.;
6992;8;weil seine Hose aufgegangen ist;nicht so gut;;;;;;nicht so gut;negativ;so;nicht;BS;2.0
6992;9;einen Igel;nicht gut, genervt;;;;;;genervt;genervt;;;BS;2.0
6992;10;"Spielzeug wie auf der Kiste; er kann seine Eltern fragen, ob sie ihm helfen";nicht gut;;;;;;nicht gut;negativ;;;BS;2.0
8476;1;Monsterfilm;ängstlich;;;;;;ängstlich;ängstlich;;;E.T.;
8476;2;kaputt;traurig;;;;;;traurig;traurig;;;E.T.;
8476;3;Mutter räumt Schokolade da hoch;gut;;-;;;;gut;positiv;;;E.T.;
8476;4;ist krank;traurig + Sorgen;;;;nicht glücklich;;Sorgen;besorgt;;;BS;2.0
8476;5;von der Mutter aufm Schoß;gut;;sehr sehr gut;;;;gut;positiv;;;BS;2.0
8476;6;Schimmel;nicht gut;;-;;;;nicht gut;negativ;;;BS;2.0
8476;7;wegen ihrem Geburtstag;schön;;dankbar;;;;dankbar;dankbar;;;BS;2.0
8476;8;Hose auf;peinlich;;;;;;peinlich;peinlich;;;E.T.;
8476;9;Igel;doof;;nicht gut/ toll;;;;doof;negativ;;;BS;2.0
8476;10;das Auto;enttäuscht;;;;;;enttäuscht;enttäuscht;;;E.T.;
7940;1;ein Monsterfilm;ängstlich;;;;;;ängstlich;ängstlich;;;E.T.;
7940;2;er ist auf Straße verloren geg. + LKW drüber;traurig;;;;;;traurig;traurig;;;E.T.;
7940;3;wie Mama Schoki ins Regal stellt;fröhlich + wütend, weil keine Schoki;;;;fröhlich;;fröhlich;fröhlich;;;BS;2.0
7940;4;will nicht mehr spielen;traurig;;;;;;traurig;traurig;;;E.T.;
7940;5;im Arm seiner Mama;fröhlich;;;;;;fröhlich;fröhlich;;;E.T.;
7940;6;ein Schimmel;traurig, weil ein Schimmel;;;;;;traurig;traurig;;;E.T.;
7940;7;zum Geburtstag;fröhlich;;;;;;fröhlich;fröhlich;;;E.T.;
7940;8;weil seine Hose offen steht;traurig;;;;;;traurig;traurig;;;E.T.;
7940;9;einen Igel;traurig + wütend;;;;wütend;;wütend;wütend;;;BS;2.0
7940;10;das Lego;traurig;;;;;;traurig;traurig;;;E.T.;
8891;1;Monster;Angst;;;;;;Angst;ängstlich;;;E.T.;
8891;2;Lastwagen drüberfahren;traurig;;;;;;traurig;traurig;;;E.T.;
8891;3;Schokitafel;glücklich;;;;;;glücklich;glücklich;;;E.T.;
8891;4;spielt nicht mehr;traurig;;;;;;traurig;traurig;;;E.T.;
8891;5;auf der Mama;glücklich;;;;;;glücklich;glücklich;;;E.T.;
8891;6;Dreck;traurig;;;;;;traurig;traurig;;;E.T.;
8891;7;von Gotti vielleicht;glücklich;;;;;;glücklich;glücklich;;;E.T.;
8891;8;Hose kaputt;traurig;;;;;;traurig;traurig;;;E.T.;
8891;9;Igel;verruckt (Schweizer für wütend);;;;;;wütend;wütend;;;E.T.;
8891;10;das, was draufsteht;verruckt;;;;;;99;99;;;BS;3.0
4868;1;über ein Monster;nicht so gut;;er hat Angst;;;;Angst;ängstlich;;;BS;2.0
4868;2;platt gefahren;traurig;;;;;;traurig;traurig;;;E.T.;
4868;3;wie seine Mama die Schokolade in den Schrank geräumt hat;gut;;aufgeregt;;;;aufgeregt;aufgeregt;;;BS;2.0
4868;4;badet;ängstlich;;;;;;ängstlich;ängstlich;;;E.T.;
4868;5;bei seiner Mutter;froh;;;;;;froh;froh;;;E.T.;
4868;6;Schimmel;wütend;;;;;;wütend;wütend;;;E.T.;
4868;7;weil er Geburtstag hat;richtig froh;;;;;;richtig froh;froh;richtig;;E.T.;
4868;8;wegen der Kerze;traurig;;;;;;traurig;traurig;;;E.T.;
4868;9;einen Igel;sauer;;böse;;;keine Notiz, warum Nachfrage gestellt wurde;sauer;sauer;;;BS;2.0
4868;10;Lego;wütend;;;;;;wütend;wütend;;;E.T.;
3397;1;Monster, die unter Betten verstecken;ängstlich;;;;;;ängstlich;ängstlich;;;E.T.;
3397;2;umgefahren;traurig;;;;;;traurig;traurig;;;E.T.;
3397;3;Mutter räumt Schokolade ein;fröhlich;;;;;;fröhlich;fröhlich;;;E.T.;
3397;4;zu alt;traurig;;;;;;traurig;traurig;;;E.T.;
3397;5;Armen ihrer Mutter;gut;;weil denkt ihr passiert nichts;fröhlich;;;fröhlich;fröhlich;;;BS;2.0
3397;6;Schimmel;schlecht;;nein;;;;schlecht;negativ;;;E.T.;
3397;7;Geburtstag;fröhlich;;;;;;fröhlich;fröhlich;;;E.T.;
3397;8;Hose offen;keine Ahnung;;;;;;99;99;;;BS;3.0
3397;9;Igel;sauer;;;;;;sauer;sauer;;;E.T.;
3397;10;Auto;traurig;;;;;;traurig;traurig;;;E.T.;
7063;1;Monster;traurig;;;;;;traurig;traurig;;;E.T.;
7063;2;überfahren;traurig;;;;;;traurig;traurig;;;E.T.;
7063;3;wie Katze im Korb liegt;?;;;;;;99;99;;;BS;3.0
7063;4;?;?;;;;;;99;99;;;BS;3.0
7063;5;im Arm von Mama;sicher;;;;;;99;99;;;BS;3.0
7063;6;großes Schimmelfleck ;Ähm?;;;;;;99;99;;;BS;3.0
7063;7;zum Geburtstag;fröhlich;;;;;;fröhlich;fröhlich;;;E.T.;
7063;8;Hose ist offen;Ähm?;;;;;;99;99;;;BS;3.0
7063;9;Igel;traurig;;;;;;traurig;traurig;;;E.T.;
7063;10;Spielzeug;?;;;;;;99;99;;;BS;3.0
9485;1;gruseliger Film;sie fürchtet sich;;;;;;fürchtet sich;Furcht;;;BS;3.0
9485;2;sie lässt ihn fallen aus Versehen;traurig;;;;;;traurig;traurig;;;E.T.;
9485;3;Mama hat Schokolade aus Tasche und in den Schrank gelegt;hungrig und möchte das haben;;;;;;99;99;;;BS;3.0
9485;4;die Katze ist müde, Katzen sind nachtaktiv;traurig, macht sich Sorgen;;;;;;Sorgen;besorgt;;;BS;2.0
9485;5;auf dem Schoß von ihrer Mutter;glücklich;;;;;;glücklich;glücklich;;;E.T.;
9485;6;Fleck Schimmel, den kann man wegschneiden;traurig, weil kein Kuchen mehr da ist und das Wohnzimmer riecht jetzt;;;;;;traurig;traurig;;;E.T.;
9485;7;sie hat Geburtstag ;Die Schwester fühlt sich vielleicht eifersüchtig;fröhlich;;;;;fröhlich;fröhlich;;;BS;2.0
9485;8;sie mag nicht, dass jemand ihre Unterhose sieht;ängstlich, vielleicht lachen die anderen sie aus;;;;;;ängstlich;ängstlich;;;E.T.;
9485;9;Igel;traurig;;;;;;traurig;traurig;;;E.T.;
9485;10;Auto mit Gepäck und Rädern;blöd;;traurig. Sie sollte nicht aufgeben, sondern ein anderes Auto bauen mit Lego;;;;traurig;traurig;;;BS;2.0
4504;1;Mit einem Monster;hat Angst;;;;;;Angst;ängstlich;;;E.T.;
4504;2;wurde kaputt gefahren;traurig;;;;;;traurig;traurig;;;E.T.;
4504;3;Schokolade;denkt wenn er die kriigt, dann isst er alles leer;;;;;;99;99;;;BS;3.0
4504;4;Katze ist müde;schlecht, vielleicht ist Katze krank oder tot oder ohnmächtig;;;;;;schlecht;negativ;;;E.T.;
4504;5;auf dem Bauch seiner Mama;sehr, sehr gut. Er ist glücklich;;;;;;glücklich;glücklich;;;BS;2.0
4504;6;Schimmel ;ekelig;;;;;;ekelig;Ekel;;;E.T.;
4504;7;weil er Geburtstag hat ;glücklich;;;;;;glücklich;glücklich;;;E.T.;
4504;8;weil er sich verbrannt hat;nicht gut, weil es heißt ist;;;;;;nicht gut;negativ;;;BS;2.0
4504;9;Igel im Busch;sauer;;;;;;sauer;sauer;;;E.T.;
4504;10;das was auf der Packung ist;sauer, weil es nich klappt, bestimmt fehlen Teile;;;;;;sauer;sauer;;;E.T.;
5390;1;Monster;erschreckt;;;;;;erschreckt;erschrocken;;;E.T.;
5390;2;kaputt;traurig;;;;;;traurig;traurig;;;E.T.;
5390;3;Schokolade ;traurig;;;;;;traurig;traurig;;;E.T.;
5390;4;spielt nicht mehr;ängstlich;;;;;;ängstlich;ängstlich;;;E.T.;
5390;5;auf Mamas Schoß;fröhlich;;;;;;fröhlich;fröhlich;;;E.T.;
5390;6;Schimmel ;traurig;;;;;;traurig;traurig;;;E.T.;
5390;7;Geburtstag;fröhlich;;;;;;fröhlich;fröhlich;;;E.T.;
5390;8;weil ihm bisschen heiß ist;traurig;;;;;;traurig;traurig;;;E.T.;
5390;9;Igel ->weggerannt;wütend + traurig;;;;wütend;;wütend;wütend;;;BS;2.0
5390;10;das auf der Verpackung;traurig;;;;;;traurig;traurig;;;E.T.;
8945;1;Monsterfilm;ängstlich;;;;;;ängstlich;ängstlich;;;E.T.;
8945;2;die naht ist raus;traurig;;;;;;traurig;traurig;;;E.T.;
8945;3;möchte Schoko haben;gut;;;;;;gut;positiv;;;E.T.;
8945;4;müde;traurig;;;;;;traurig;traurig;;;E.T.;
8945;5;in Mama's Arm;schön;;;;;;schön;positiv;;;E.T.;
8945;6;Schimmel ;blöd, da sie nicht Kuchen essen kann;;;;;;blöd;negativ;;;E.T.;
8945;7;zum Spielen;gut;;weiß nicht;;;;gut;positiv;;;E.T.;
8945;8;weil Hose offen ist;blöd ;;;;;;blöd;negativ;;;E.T.;
8945;9;Igel;wütend;;;;;;wütend;wütend;;;E.T.;
8945;10;Auto;wütend;;;;;;wütend;wütend;;;E.T.;
3322;1;ein Monsterfilm;ängstlich;;;;;;ängstlich;ängstlich;;;E.T.;
3322;2;da ist ein Lastwagen drübergefahren;traurig;;;;;;traurig;traurig;;;E.T.;
3322;3;die Schokoladentafel;fröhlich;;;;;;fröhlich;fröhlich;;;E.T.;
3322;4;nichts;traurig;;;;;;traurig;traurig;;;E.T.;
3322;5;im Schoß seiner Mutter;fröhlich;;;;;;fröhlich;fröhlich;;;E.T.;
3322;6;ein Schimmelfleck;wütend;;;;;;wütend;wütend;;;E.T.;
3322;7;weil er Geburtstag hat;fröhlich;;;;;;fröhlich;fröhlich;;;E.T.;
3322;8;"weil er denkt "" Hoffentlich hat das keiner gesehen""";komisch;;/;;;;99;99;;;BS;3.0
3322;9;Igel;wütend;;;;;;wütend;wütend;;;E.T.;
3322;10;ein Auto;traurig;;;;;;traurig;traurig;;;E.T.;
417;1;ein Monsterfilm;ängstlich;;;;;;ängstlich;ängstlich;;;E.T.;
417;2;kaputt, weil Laster drübergefahren ist;traurig;;;;;;traurig;traurig;;;E.T.;
417;3;eine Schokolade;fröhlich;;;;;;fröhlich;fröhlich;;;E.T.;
417;4;sie ist krank;traurig;;;;;;traurig;traurig;;;E.T.;
417;5;auf Mamas Schoß;fröhlich;;;;;;fröhlich;fröhlich;;;E.T.;
417;6;ein rießen Fleck;sauer;;;;;;sauer;sauer;;;E.T.;
417;7;weil er Geburtstag hat;sehr sehr fröhlich;;;;;;sehr sehr fröhlich;fröhlich;sehr sehr;;E.T.;
417;8;weil die Kerze rot ist und sein Kopf rot wird;traurig;;;;;;traurig;traurig;;;E.T.;
417;9;einen igel;nicht so gut;;;;;;nicht so gut;negativ;so;nicht;BS;2.0
417;10;kein Auto bauen;sehr sauer;;;;;;sehr sauer;sauer;sehr;;E.T.;
3394;1;mit gruseligen Aliens;ängstlich;;;;;;ängstlich;ängstlich;;;E.T.;
3394;2;aus der Hand gefallen + überfahren;traurig;;;;;;traurig;traurig;;;E.T.;
3394;3;Schokoladentafel ;möchte gern die Tafel Schoko haben ;;;hungrig;;;99;99;;;BS;3.0
3394;4;älter + will nicht mehr spielen;verängstlicht;;;;;;verängstlicht;ängstlich;;;E.T.;
3394;5;auf Bauch seiner Mutter;glücklich;;;;;;glücklich;glücklich;;;E.T.;
3394;6;großen Fleck Schimmel;eklig;;;;;;eklig;Ekel;;;E.T.;
3394;7;hat Geburtstag;glücklich + aufgeregt;;;;aufgeregt;;aufgeregt;aufgeregt;;;BS;2.0
3394;8;Hose aufgegangen;peinlich;;;;;;peinlich;peinlich;;;E.T.;
3394;9;Igel;wütend;;;;;;wütend;wütend;;;E.T.;
3394;10;Modell auf Packung;wütend;;;;;;wütend;wütend;;;E.T.;
9696;1;Film mit Monster;nicht so gut;;Angst;;;;Angst;ängstlich;;;BS;2.0
9696;2;kaputt;traurig;;;;;;traurig;traurig;;;E.T.;
9696;3;Schokolade;ganz gut;;;;;;ganz gut;positiv;ganz;;E.T.;
9696;4;möchte Maus essen;schlecht;;;;;;schlecht;negativ;;;E.T.;
9696;5;Schoß von Mutter;gut;;wohlfühlen;;;;gut;positiv;;;E.T.;
9696;6;ein Fleck;nicht so toll;;;;;;nicht so toll;negativ;so;nicht;BS;2.0
9696;7;zum Geburtstag;gut;;glücklich;;;;glücklich;glücklich;;;BS;2.0
9696;8;weil seine Hosse offen ist;nicht so gut;;;;;;99;99;;;BS;2.0
9696;9;einen Igel;sauer;;;;;;sauer;sauer;;;E.T.;
9696;10;Legomodell;sauer;;;;;;sauer;sauer;;;E.T.;
2346;1;Monsterfilm;ängstlich;;;;;;ängstlich;ängstlich;;;E.T.;
2346;2;kaputt;ganz traurig;;;;;;ganz traurig;traurig;ganz;;E.T.;
2346;3;Schokolade;fröhlich;;;;;;fröhlich;fröhlich;;;E.T.;
2346;4;krank;nervös;;;;;;nervös;nervös;;;E.T.;
2346;5;auf der Mama;fröhlich;;;;;;fröhlich;fröhlich;;;E.T.;
2346;6;Wasserfleck;böse;;;;;;böse;negativ;;;E.T.;
2346;7;Geburtstag;fröhlich;;;;;;fröhlich;fröhlich;;;E.T.;
2346;8;Hose ist aufgegangen;nervös;;;;;;nervös;nervös;;;E.T.;
2346;9;Igel;wütend;;;;;;wütend;wütend;;;E.T.;
2346;10;ein Auto;traurig;;;;;;traurig;traurig;;;E.T.;
929;1;Monsterfilm;ängstlich;;;;;;ängstlich;ängstlich;;;E.T.;
929;2;Naht aufgegangen;traurig;;;;;;traurig;traurig;;;E.T.;
929;3;Schokolade;gut;;bekommt Tafel Schokolade;happy;;;happy;happy;;;BS;2.0
929;4;will nicht mehr spielen;ängstlich;;;;;;ängstlich;ängstlich;;;E.T.;
929;5;bei ihrer Mama;gut;;fröhlich;;;;fröhlich;fröhlich;;;BS;2.0
929;6;Schimmelfleck;wütend;;;;;;wütend;wütend;;;E.T.;
929;7;von ihrer Mama;fröhlich;;;;;;fröhlich;fröhlich;;;E.T.;
929;8;Hose aufgegangen;unsicher;;weiß nicht;;;;99;99;;;BS;3.0
929;9;Igel;wütend;;;;;;wütend;wütend;;;E.T.;
929;10;Auto;sauer;;;;;;sauer;sauer;;;E.T.;
8752;1;Monsterfilm;ängstlich;;;;;;ängstlich;ängstlich;;;E.T.;
8752;2;kaputt gegangen;traurig;;;;;;traurig;traurig;;;E.T.;
8752;3;Schokolade ;glücklich;;;;;;glücklich;glücklich;;;E.T.;
8752;4;will gar nicht mehr spielen;traurig;;;;;;traurig;traurig;;;E.T.;
8752;5;auf Mama;glücklich;;;;;;glücklich;glücklich;;;E.T.;
8752;6;Schimmel;ekelig;;;;;;ekelig;Ekel;;;E.T.;
8752;7;zum Geburtstag;glücklich;;;;;;glücklich;glücklich;;;E.T.;
8752;8;weil ihre Hose offen ist;erschrocken;;;;;;erschrocken;erschrocken;;;E.T.;
8752;9;einen Igel, der ist weggerannt;wütend;;;;;;wütend;wütend;;;E.T.;
8752;10;ein Auto;wütend ;;;;;;wütend;wütend;;;E.T.;
7626;1;Monsterfilm;traurig;;;;;;traurig;traurig;;;E.T.;
7626;2;Auto drübergefahren;traurig;;;;;;traurig;traurig;;;E.T.;
7626;3;Schokolade;komisch;;;;;;99;99;;;BS;3.0
7626;4;spielt nicht mehr;komisch;;;;;;99;99;;;BS;3.0
7626;5;bei seiner Mutter;gut;;;;;;gut;positiv;;;E.T.;
7626;6;Schimmel;sauer;;;;;;sauer;sauer;;;E.T.;
7626;7;weil der Weihnachtsmann es ihm gegeben hat;gut;;;;;;gut;positiv;;;E.T.;
7626;8;wegen der Kerze ;komisch;;;;;;99;99;;;BS;3.0
7626;9;einen Igel;böse;;;;;;böse;negativ;;;E.T.;
7626;10;dieses Spielzeug;böse;;;;;;böse;negativ;;;E.T.;
8959;1;Monsterfilm;hat Angst;;;;;;Angst;ängstlich;;;E.T.;
8959;2;kaputt;sie ist traurig;;;;;;traurig;traurig;;;E.T.;
8959;3;Mama räumt Schokolade oben in den Schrank ;sie möchte die haben;;;;;;99;99;;;BS;3.0
8959;4;will seit 2 Tagen nicht mehr spielen;sie hat Angst um ihre Katze;;;;;;Angst;ängstlich;;;E.T.;
8959;5;in den Armen von ihrer Mama;wohl;;;;;;wohl;positiv;;;E.T.;
8959;6;Schimmel;-;;;;;;99;99;;;BS;3.0
8959;7;sie hat Geburtstag ;fröhlich;;;;;;fröhlich;fröhlich;;;E.T.;
8959;8;sie denkt, hoffentlich sehen die nicht meine Unterhose;peinlich;;;;;;peinlich;peinlich;;;E.T.;
8959;9;Igel;traurig;;;;;;traurig;traurig;;;E.T.;
8959;10;das Haus auf der Anleitung oben;traurig;;;;;;traurig;traurig;;;E.T.;
5798;1;Monsterfilm;Angst;;;;;;Angst;ängstlich;;;E.T.;
5798;2;überfahren;traurig;;;;;;traurig;traurig;;;E.T.;
5798;3;Mama Einkauf in Schrank räumt;fröhlich;;;;;;fröhlich;fröhlich;;;E.T.;
5798;4;seit 2 Tagen nicht mehr spielen;hoffen, dass Katze nicht krank;;;;;;99;99;;;BS;3.0
5798;5;im Arm seiner Mutter;glücklich;;;;;;glücklich;glücklich;;;E.T.;
5798;6;Schimmel;eklig;;;;;;eklig;Ekel;;;E.T.;
5798;7;damit er sich freut;fröhlich;;;;;;fröhlich;fröhlich;;;BS;2.0
5798;8;Hose offen;nicht richtig wohl;;nicht richtig wohl;;;;nicht richtig wohl;negativ;richtig;nicht;E.T.;
5798;9;Igel;wütend;;;;;;wütend;wütend;;;E.T.;
5798;10;ein Auto nachbauen;wütend;;;;;;wütend;wütend;;;E.T.;
58;1;Monsterfilm;Angst;;;;;;Angst;ängstlich;;;E.T.;
58;2;überfahren;traurig;;;;;;traurig;traurig;;;E.T.;
58;3;Schokolade;glücklich;;;;;;glücklich;glücklich;;;E.T.;
58;4;will nicht mehr spielen;beängstigt, besorgt;;;;besorgt;;besorgt;besorgt;;;BS;2.0
58;5;Im Arm von Mutter;glücklich;;;;;;glücklich;glücklich;;;E.T.;
58;6;Schimmel;ekelt sich;;;;;;ekelt sich;Ekel;;;E.T.;
58;7;Geburtstag;überrascht;;;;;;überrascht;Überraschung;;;E.T.;
58;8;Hose aufgerissen;peinlich, blöd, Angst vorm Auslachen;;;;peinlich;;peinlich;peinlich;;;BS;2.0
58;9;Igel;wütend;;;;;;wütend;wütend;;;E.T.;
58;10;Auto;wütend;;;;;;wütend;wütend;;;E.T.;
9656;1;Monster;-;;;;;;99;99;;;BS;3.0
9656;2;kaputt gegangen;nicht gut;;;;;;nicht gut;negativ;;;BS;2.0
9656;3;Mama Schokolade ganz oben in Schrank;gut;;;;;;gut;positiv;;;E.T.;
9656;4;krank;besorgt;;;;;;besorgt;besorgt;;;E.T.;
9656;5;Arm seiner Mutter;gut;;;;;;gut;positiv;;;E.T.;
9656;6;Kerze;-;;;;;;99;99;;;BS;3.0
9656;7;Geburtstag;gut;;;;;;gut;positiv;;;E.T.;
9656;8;Hose offen;-;;;;;;99;99;;;BS;3.0
9656;9;Igel;nicht gut;;;;;;nicht gut;negativ;;;BS;2.0
9656;10;Auto;nicht gut;;;;;;nicht gut;negativ;;;BS;2.0
6016;1;Monster;ängstlich;;;;;;ängstlich;ängstlich;;;E.T.;
6016;2;wurde überfahren;traurig;;;;;;traurig;traurig;;;E.T.;
6016;3;wie Mama eine Tafel Schokolade ins oberste Regal räumt;toll;;weils vllt für sie ist;fröhlich;;;fröhlich;fröhlich;;;BS;2.0
6016;4;will nicht mehr spielen;schlecht;;weil sie denkt, dass sie krank ;traurig;;;traurig;traurig;;;BS;2.0
6016;5;in den Armen von ihrer Mama;toll;;weil, sie bei ihrer Mama ist;glücklich;;;glücklich;glücklich;;;BS;2.0
6016;6;faul;traurig;;;;;;traurig;traurig;;;E.T.;
6016;7;weil sie Geburtstag hat;glücklich;;;;;;glücklich;glücklich;;;E.T.;
6016;8;weil ihre Hose aufgeht;nicht gut;;weil sie denkt, sie hätte jeder gesehen;traurig;;;traurig;traurig;;;BS;2.0
6016;9;einen Igel;sauer;;;;;;sauer;sauer;;;E.T.;
6016;10;ein Auto;traurig;;;;;;traurig;traurig;;;E.T.;
6880;1;Gruselfilm;Angst;;;;;;Angst;ängstlich;;;E.T.;
6880;2;Laster überfahren;traurig;;;;;;traurig;traurig;;;E.T.;
6880;3;Schokolade;gut, will Schokolade haben;;;;;;gut;positiv;;;E.T.;
6880;4;will nicht mehr spielen;(schlecht) traurig;;;;;;traurig;traurig;;;BS;2.0
6880;5;Bauch von der Mama;gut, schön;;;;;;gut;positiv;;;BS;2.0
6880;6;Schimmel;schlecht, ihm ist übel;;;;;;schlecht;negativ;;;E.T.;
6880;7;Geburtstag;gut, toll;;;;;;gut;positiv;;;BS;2.0
6880;8;Hose offen war;Angst;;;;;;Angst;ängstlich;;;E.T.;
6880;9;Igel;(schecht) verärgert;;;;;;verärgert;Ärger;;;E.T.;
6880;10;Legolastwagen;(schlecht) nicht wohl, mag das Spielzeug nicht;;;;;;schlecht;negativ;;;BS;2.0
2317;1;Monster;ängstlich;;;;;;ängstlich;ängstlich;;;E.T.;
2317;2;wurde überfahren vom LKW;traurig;;;;;;traurig;traurig;;;E.T.;
2317;3;wie Mutter Einkäufe einräumt;gut;;sehr gut;;;;gut;positiv;;;BS;2.0
2317;4;will nicht mehr spielen;ängstlich;;;;;;ängstlich;ängstlich;;;E.T.;
2317;5;bei Mutter;sicher;;;;;;99;99;;;BS;3.0
2317;6;Schimmel;weiß nicht;;;;;;99;99;;;BS;3.0
2317;7;Geburtstag;gut;;sehr sehr gut;;;;gut;positiv;;;BS;2.0
2317;8;Hose auf;ängstlich;;;;;;ängstlich;ängstlich;;;E.T.;
2317;9;Igel;sauer;;;;;;sauer;sauer;;;E.T.;
2317;10;das, was auf der Schachtel steht;traurig;;;;;;traurig;traurig;;;E.T.;
7200;1;Monster;ängstlich;;;;;;ängstlich;ängstlich;;;E.T.;
7200;2;Laster drüber gefahren;traurig;;;;;;traurig;traurig;;;E.T.;
7200;3;Mama packt Schokolade ganz nach oben in Schrank;-;;;;;;99;99;;;BS;3.0
7200;4;will nicht spielen;ängstlich;;;;;;ängstlich;ängstlich;;;E.T.;
7200;5;bei der Mama, kuschelt;glücklich;;;;;;glücklich;glücklich;;;E.T.;
7200;6;Schimmel ;ekelig;;;;;;ekelig;Ekel;;;E.T.;
7200;7;Geburtstag;glücklich;;;;;;glücklich;glücklich;;;E.T.;
7200;8;Hose offen;ängstlich;;;;;;ängstlich;ängstlich;;;E.T.;
7200;9;Igel;wütend;;;;;;wütend;wütend;;;E.T.;
7200;10;Spielzeug;wütend;;;;;;wütend;wütend;;;E.T.;
1547;1;ein Monster;traurig;;;;;;traurig;traurig;;;E.T.;
1547;2;überfahren;ganz traurig;;;;;;ganz traurig;traurig;ganz;;E.T.;
1547;3;die Katze;doof;;weiß ich nicht;;;;doof;negativ;;;E.T.;
1547;4;sie ist krank;traurig;;;;;;traurig;traurig;;;E.T.;
1547;5;im Arm ihrer Mutter;schön;;will nicht genauer beschreiben;;;;schön;positiv;;;E.T.;
1547;6;ein rießen Kleks Schimmel ;doof;;;;;;doof;negativ;;;E.T.;
1547;7;Geburtstag;schön;;;;;;schön;positiv;;;E.T.;
1547;8;weil die Hose kaputt ist;weiß ich nicht;;;;;;99;99;;;BS;3.0
1547;9;ein Igel;doof;;;;;;doof;negativ;;;E.T.;
1547;10;das Modellauto;doof;;;;;;doof;negativ;;;E.T.;
3729;1;Monsterfilm;hat Angst;;;;;;Angst;ängstlich;;;E.T.;
3729;2;kaputt gegangen;traurig;;;;;;traurig;traurig;;;E.T.;
3729;3;Schokoladentafel;traurig, aufgeregt;;;;aufgeregt;;aufgeregt;aufgeregt;;;BS;2.0
3729;4;spielt seit 2 tagen nicht mehr;traurig, denkt dass Katze hoffentllich nicht krank ist;;;;;;traurig;traurig;;;E.T.;
3729;5;bei seiner Mama auf dem Schoß;hat Angst;;;;;;Angst;ängstlich;;;E.T.;
3729;6;Schimmel;traurig, weil er den Kuchen weggeschmeißen muss;;;;;;traurig;traurig;;;E.T.;
3729;7;weil er Geburtstag hat;gut;;freudig;;;;freudig;Freude;;;BS;2.0
3729;8;weil ihre Hose aufgegangen ist;erschrocken;;;;;;erschrocken;erschrocken;;;E.T.;
3729;9;einen Igel, aber er konnte nicht, weil Freund angerannt;wütend;;;;;;wütend;wütend;;;E.T.;
3729;10;ein Lego-Modell, das auf der Schachtel war;wütend;;;;;;wütend;wütend;;;E.T.;
2677;1;Monsterfilm;hat Angst;;;;;;Angst;ängstlich;;;E.T.;
2677;2;hat ihn verloren;ist traurig;;;;;;traurig;traurig;;;E.T.;
2677;3;dass Mama Schokolade gekauft hat;weiß nicht;;;;;;99;99;;;BS;3.0
2677;4;sie ist krank;weiß nicht;;;;;;99;99;;;BS;3.0
2677;5;in Armen von Mama;sie fühlt sich wohl;;;;;;wohl;positiv;;;E.T.;
2677;6;Schimmel;weiß nicht;;;;;;99;99;;;BS;3.0
2677;7;Geburtstag;fröhlich;;;;;;fröhlich;fröhlich;;;E.T.;
2677;8;weil die Hose offen steht;weiß nicht;;;;;;99;99;;;BS;3.0
2677;9;Igel;weiß nicht;;;;;;99;99;;;BS;3.0
2677;10;Fahrzeug auf der Packung;sie ist sauer;;;;;;sauer;sauer;;;E.T.;
8163;1;mit Monster;erschrocken;;;;;;erschrocken;erschrocken;;;E.T.;
8163;2;ist kaputtgegangen;traurig;;;;;;traurig;traurig;;;E.T.;
8163;3;die Schokoladentafel;hungrig;;;will man das haben;;;99;99;;;BS;3.0
8163;4;kriegt Katzenbabys;traurig;;;;;;traurig;traurig;;;E.T.;
8163;5;in der Mitte;glücklich;;;;;;glücklich;glücklich;;;E.T.;
8163;6;eine Kerze;glücklich;;;;;;glücklich;glücklich;;;E.T.;
8163;7;weil sie Geburtstag hat;glücklich;;;;;;glücklich;glücklich;;;E.T.;
8163;8;müsste die Hose wieder zunähen;traurig;;;;;;traurig;traurig;;;E.T.;
8163;9;den Igel;traurig;;;;;;traurig;traurig;;;E.T.;
8163;10;das Auto auf der Verpackung;traurig;;;;;;traurig;traurig;;;E.T.;
2343;1;Monsterfilm;ängstlich;;;;;;ängstlich;ängstlich;;;E.T.;
2343;2;wurde von Auto überfahren;traurig;;;;;;traurig;traurig;;;E.T.;
2343;3;eine Schokolade;süchtig/glücklich;;;;;;glücklich;glücklich;;;E.T.;
2343;4;die will nicht mehr spielen;nicht gut;;;;;;nicht gut;negativ;;;BS;2.0
2343;5;bei seiner Mama auf dem Schoß;sicher;;;;;;99;99;;;BS;3.0
2343;6;Schimmel;eklig;;;;;;eklig;Ekel;;;E.T.;
2343;7;weil er Geburtstag hat;fröhlich;;;;;;fröhlich;fröhlich;;;E.T.;
2343;8;weil er sich schämt;schlecht;;;;;;schämt;Scham;;;BS;2.0
2343;9;einen Igel;sauer;;;;;;sauer;sauer;;;E.T.;
2343;10;ein Auto;sauer;;;;;;sauer;sauer;;;E.T.;
